0 1.16858e+45
3.156e+13 1.16858e+45
6.312e+13 1.16858e+45
9.468e+13 1.16858e+45
1.2624e+14 1.16858e+45
1.578e+14 1.16858e+45
1.8936e+14 1.16858e+45
2.2092e+14 1.16858e+45
2.5248e+14 1.16858e+45
2.8404e+14 1.16858e+45
3.156e+14 1.16858e+45
3.4716e+14 1.16858e+45
3.7872e+14 1.16858e+45
4.1028e+14 1.16858e+45
4.4184e+14 1.16858e+45
4.734e+14 1.16858e+45
5.0496e+14 1.16858e+45
5.3652e+14 1.16858e+45
5.6808e+14 1.16858e+45
5.9964e+14 1.16858e+45
6.312e+14 1.16858e+45
6.6276e+14 1.16858e+45
6.9432e+14 1.16858e+45
7.2588e+14 1.16858e+45
7.5744e+14 1.16858e+45
7.89e+14 1.16858e+45
8.2056e+14 1.16858e+45
8.5212e+14 1.16858e+45
8.8368e+14 1.16858e+45
9.1524e+14 1.16858e+45
9.468e+14 1.16858e+45
9.7836e+14 1.16858e+45
1.00992e+15 1.16858e+45
1.04148e+15 1.16858e+45
1.07304e+15 1.16858e+45
1.1046e+15 1.16858e+45
1.13616e+15 1.16858e+45
1.16772e+15 1.16858e+45
1.19928e+15 1.16858e+45
1.23084e+15 1.16858e+45
1.2624e+15 1.16858e+45
1.29396e+15 1.16858e+45
1.32552e+15 1.16858e+45
1.35708e+15 1.16858e+45
1.38864e+15 1.16858e+45
1.4202e+15 1.16858e+45
1.45176e+15 1.16858e+45
1.48332e+15 1.16858e+45
1.51488e+15 1.16858e+45
1.54644e+15 1.16858e+45
1.578e+15 1.16858e+45
1.60956e+15 1.16858e+45
1.64112e+15 1.16858e+45
1.67268e+15 1.16858e+45
1.70424e+15 1.16858e+45
1.7358e+15 1.16858e+45
1.76736e+15 1.16858e+45
1.79892e+15 1.16858e+45
1.83048e+15 1.16858e+45
1.86204e+15 1.16858e+45
1.8936e+15 1.16858e+45
1.92516e+15 1.16858e+45
1.95672e+15 1.16858e+45
1.98828e+15 1.16858e+45
2.01984e+15 1.16858e+45
2.0514e+15 1.16858e+45
2.08296e+15 1.16858e+45
2.11452e+15 1.16858e+45
2.14608e+15 1.16858e+45
2.17764e+15 1.16858e+45
2.2092e+15 1.16858e+45
2.24076e+15 1.16858e+45
2.27232e+15 1.16858e+45
2.30388e+15 1.16858e+45
2.33544e+15 1.16858e+45
2.367e+15 1.16858e+45
2.39856e+15 1.16858e+45
2.43012e+15 1.16858e+45
2.46168e+15 1.16858e+45
2.49324e+15 1.16858e+45
2.5248e+15 1.16858e+45
2.55636e+15 1.16858e+45
2.58792e+15 1.16858e+45
2.61948e+15 1.16858e+45
2.65104e+15 1.16858e+45
2.6826e+15 1.16858e+45
2.71416e+15 1.16858e+45
2.74572e+15 1.16858e+45
2.77728e+15 1.16858e+45
2.80884e+15 1.16858e+45
2.8404e+15 1.16858e+45
2.87196e+15 1.16858e+45
2.90352e+15 1.16858e+45
2.93508e+15 1.16858e+45
2.96664e+15 1.16858e+45
2.9982e+15 1.16858e+45
3.02976e+15 1.16858e+45
3.06132e+15 1.16858e+45
3.09288e+15 1.16858e+45
3.12444e+15 1.16858e+45
3.156e+15 1.16858e+45
3.18756e+15 1.16858e+45
3.21912e+15 1.16858e+45
3.25068e+15 1.16858e+45
3.28224e+15 1.16858e+45
3.3138e+15 1.16858e+45
3.34536e+15 1.16858e+45
3.37692e+15 1.16858e+45
3.40848e+15 1.16858e+45
3.44004e+15 1.16858e+45
3.4716e+15 1.16858e+45
3.50316e+15 1.16858e+45
3.53472e+15 1.16858e+45
3.56628e+15 1.16858e+45
3.59784e+15 1.16858e+45
3.6294e+15 1.16858e+45
3.66096e+15 1.16858e+45
3.69252e+15 1.16858e+45
3.72408e+15 1.16858e+45
3.75564e+15 1.16858e+45
3.7872e+15 1.16858e+45
3.81876e+15 1.16858e+45
3.85032e+15 1.16858e+45
3.88188e+15 1.16858e+45
3.91344e+15 1.16858e+45
3.945e+15 1.16858e+45
3.97656e+15 1.16858e+45
4.00812e+15 1.16858e+45
4.03968e+15 1.16858e+45
4.07124e+15 1.16858e+45
4.1028e+15 1.16858e+45
4.13436e+15 1.16858e+45
4.16592e+15 1.16858e+45
4.19748e+15 1.16858e+45
4.22904e+15 1.16858e+45
4.2606e+15 1.16858e+45
4.29216e+15 1.16858e+45
4.32372e+15 1.16858e+45
4.35528e+15 1.16858e+45
4.38684e+15 1.16858e+45
4.4184e+15 1.16858e+45
4.44996e+15 1.16858e+45
4.48152e+15 1.16858e+45
4.51308e+15 1.16858e+45
4.54464e+15 1.16858e+45
4.5762e+15 1.16858e+45
4.60776e+15 1.16858e+45
4.63932e+15 1.16858e+45
4.67088e+15 1.16858e+45
4.70244e+15 1.16858e+45
4.734e+15 1.16858e+45
4.76556e+15 1.16858e+45
4.79712e+15 1.16858e+45
4.82868e+15 1.16858e+45
4.86024e+15 1.16858e+45
4.8918e+15 1.16858e+45
4.92336e+15 1.16858e+45
4.95492e+15 1.16858e+45
4.98648e+15 1.16858e+45
5.01804e+15 1.16858e+45
5.0496e+15 1.16858e+45
5.08116e+15 1.16858e+45
5.11272e+15 1.16858e+45
5.14428e+15 1.16858e+45
5.17584e+15 1.16858e+45
5.2074e+15 1.16858e+45
5.23896e+15 1.16858e+45
5.27052e+15 1.16858e+45
5.30208e+15 1.16858e+45
5.33364e+15 1.16858e+45
5.3652e+15 1.16858e+45
5.39676e+15 1.16858e+45
5.42832e+15 1.16858e+45
5.45988e+15 1.16858e+45
5.49144e+15 1.16858e+45
5.523e+15 1.16858e+45
5.55456e+15 1.16858e+45
5.58612e+15 1.16858e+45
5.61768e+15 1.16858e+45
5.64924e+15 1.16858e+45
5.6808e+15 1.16858e+45
5.71236e+15 1.16858e+45
5.74392e+15 1.16858e+45
5.77548e+15 1.16858e+45
5.80704e+15 1.16858e+45
5.8386e+15 1.16858e+45
5.87016e+15 1.16858e+45
5.90172e+15 1.16858e+45
5.93328e+15 1.16858e+45
5.96484e+15 1.16858e+45
5.9964e+15 1.16858e+45
6.02796e+15 1.16858e+45
6.05952e+15 1.16858e+45
6.09108e+15 1.16858e+45
6.12264e+15 1.16858e+45
6.1542e+15 1.16858e+45
6.18576e+15 1.16858e+45
6.21732e+15 1.16858e+45
6.24888e+15 1.16858e+45
6.28044e+15 1.16858e+45
6.312e+15 1.16858e+45
6.34356e+15 1.16858e+45
6.37512e+15 1.16858e+45
6.40668e+15 1.16858e+45
6.43824e+15 1.16858e+45
6.4698e+15 1.16858e+45
6.50136e+15 1.16858e+45
6.53292e+15 1.16858e+45
6.56448e+15 1.16858e+45
6.59604e+15 1.16858e+45
6.6276e+15 1.16858e+45
6.65916e+15 1.16858e+45
6.69072e+15 1.16858e+45
6.72228e+15 1.16858e+45
6.75384e+15 1.16858e+45
6.7854e+15 1.16858e+45
6.81696e+15 1.16858e+45
6.84852e+15 1.16858e+45
6.88008e+15 1.16858e+45
6.91164e+15 1.16858e+45
6.9432e+15 1.16858e+45
6.97476e+15 1.16858e+45
7.00632e+15 1.16858e+45
7.03788e+15 1.16858e+45
7.06944e+15 1.16858e+45
7.101e+15 1.16858e+45
7.13256e+15 1.16858e+45
7.16412e+15 1.16858e+45
7.19568e+15 1.16858e+45
7.22724e+15 1.16858e+45
7.2588e+15 1.16858e+45
7.29036e+15 1.16858e+45
7.32192e+15 1.16858e+45
7.35348e+15 1.16858e+45
7.38504e+15 1.16858e+45
7.4166e+15 1.16858e+45
7.44816e+15 1.16858e+45
7.47972e+15 1.16858e+45
7.51128e+15 1.16858e+45
7.54284e+15 1.16858e+45
7.5744e+15 1.16858e+45
7.60596e+15 1.16858e+45
7.63752e+15 1.16858e+45
7.66908e+15 1.16858e+45
7.70064e+15 1.16858e+45
7.7322e+15 1.16858e+45
7.76376e+15 1.16858e+45
7.79532e+15 1.16858e+45
7.82688e+15 1.16858e+45
7.85844e+15 1.16858e+45
7.89e+15 1.16858e+45
7.92156e+15 1.16858e+45
7.95312e+15 1.16858e+45
7.98468e+15 1.16858e+45
8.01624e+15 1.16858e+45
8.0478e+15 1.16858e+45
8.07936e+15 1.16858e+45
8.11092e+15 1.16858e+45
8.14248e+15 1.16858e+45
8.17404e+15 1.16858e+45
8.2056e+15 1.16858e+45
8.23716e+15 1.16858e+45
8.26872e+15 1.16858e+45
8.30028e+15 1.16858e+45
8.33184e+15 1.16858e+45
8.3634e+15 1.16858e+45
8.39496e+15 1.16858e+45
8.42652e+15 1.16858e+45
8.45808e+15 1.16858e+45
8.48964e+15 1.16858e+45
8.5212e+15 1.16858e+45
8.55276e+15 1.16858e+45
8.58432e+15 1.16858e+45
8.61588e+15 1.16858e+45
8.64744e+15 1.16858e+45
8.679e+15 1.16858e+45
8.71056e+15 1.16858e+45
8.74212e+15 1.16858e+45
8.77368e+15 1.16858e+45
8.80524e+15 1.16858e+45
8.8368e+15 1.16858e+45
8.86836e+15 1.16858e+45
8.89992e+15 1.16858e+45
8.93148e+15 1.16858e+45
8.96304e+15 1.16858e+45
8.9946e+15 1.16858e+45
9.02616e+15 1.16858e+45
9.05772e+15 1.16858e+45
9.08928e+15 1.16858e+45
9.12084e+15 1.16858e+45
9.1524e+15 1.16858e+45
9.18396e+15 1.16858e+45
9.21552e+15 1.16858e+45
9.24708e+15 1.16858e+45
9.27864e+15 1.16858e+45
9.3102e+15 1.16858e+45
9.34176e+15 1.16858e+45
9.37332e+15 1.16858e+45
9.40488e+15 1.16858e+45
9.43644e+15 1.16858e+45
9.468e+15 1.16858e+45
9.49956e+15 1.16858e+45
9.53112e+15 1.16858e+45
9.56268e+15 1.16858e+45
9.59424e+15 1.16858e+45
9.6258e+15 1.16858e+45
9.65736e+15 1.16858e+45
9.68892e+15 1.16858e+45
9.72048e+15 1.16858e+45
9.75204e+15 1.16858e+45
9.7836e+15 1.16858e+45
9.81516e+15 1.16858e+45
9.84672e+15 1.16858e+45
9.87828e+15 1.16858e+45
9.90984e+15 1.16858e+45
9.9414e+15 1.16858e+45
9.97296e+15 1.16858e+45
1.00045e+16 1.16858e+45
1.00361e+16 1.16858e+45
1.00676e+16 1.16858e+45
1.00992e+16 1.16858e+45
1.01308e+16 1.16858e+45
1.01623e+16 1.16858e+45
1.01939e+16 1.16858e+45
1.02254e+16 1.16858e+45
1.0257e+16 1.16858e+45
1.02886e+16 1.16858e+45
1.03201e+16 1.16858e+45
1.03517e+16 1.16858e+45
1.03832e+16 1.16858e+45
1.04148e+16 1.16858e+45
1.04464e+16 1.16858e+45
1.04779e+16 1.16858e+45
1.05095e+16 1.16858e+45
1.0541e+16 1.16858e+45
1.05726e+16 1.16858e+45
1.06042e+16 1.16858e+45
1.06357e+16 1.16858e+45
1.06673e+16 1.16858e+45
1.06988e+16 1.16858e+45
1.07304e+16 1.16858e+45
1.0762e+16 1.16858e+45
1.07935e+16 1.16858e+45
1.08251e+16 1.16858e+45
1.08566e+16 1.16858e+45
1.08882e+16 1.16858e+45
1.09198e+16 1.16858e+45
1.09513e+16 1.16858e+45
1.09829e+16 1.16858e+45
1.10144e+16 1.16858e+45
1.1046e+16 1.16858e+45
1.10776e+16 1.16858e+45
1.11091e+16 1.16858e+45
1.11407e+16 1.16858e+45
1.11722e+16 1.16858e+45
1.12038e+16 1.16858e+45
1.12354e+16 1.16858e+45
1.12669e+16 1.16858e+45
1.12985e+16 1.16858e+45
1.133e+16 1.16858e+45
1.13616e+16 1.16858e+45
1.13932e+16 1.16858e+45
1.14247e+16 1.16858e+45
1.14563e+16 1.16858e+45
1.14878e+16 1.16858e+45
1.15194e+16 1.16858e+45
1.1551e+16 1.16858e+45
1.15825e+16 1.16858e+45
1.16141e+16 1.16858e+45
1.16456e+16 1.16858e+45
1.16772e+16 1.16858e+45
1.17088e+16 1.16858e+45
1.17403e+16 1.16858e+45
1.17719e+16 1.16858e+45
1.18034e+16 1.16858e+45
1.1835e+16 1.16858e+45
1.18666e+16 1.16858e+45
1.18981e+16 1.16858e+45
1.19297e+16 1.16858e+45
1.19612e+16 1.16858e+45
1.19928e+16 1.16858e+45
1.20244e+16 1.16858e+45
1.20559e+16 1.16858e+45
1.20875e+16 1.16858e+45
1.2119e+16 1.16858e+45
1.21506e+16 1.16858e+45
1.21822e+16 1.16858e+45
1.22137e+16 1.16858e+45
1.22453e+16 1.16858e+45
1.22768e+16 1.16858e+45
1.23084e+16 1.16858e+45
1.234e+16 1.16858e+45
1.23715e+16 1.16858e+45
1.24031e+16 1.16858e+45
1.24346e+16 1.16858e+45
1.24662e+16 1.16858e+45
1.24978e+16 1.16858e+45
1.25293e+16 1.16858e+45
1.25609e+16 1.16858e+45
1.25924e+16 1.16858e+45
1.2624e+16 1.16858e+45
1.26556e+16 1.16858e+45
1.26871e+16 1.16858e+45
1.27187e+16 1.16858e+45
1.27502e+16 1.16858e+45
1.27818e+16 1.16858e+45
1.28134e+16 1.16858e+45
1.28449e+16 1.16858e+45
1.28765e+16 1.16858e+45
1.2908e+16 1.16858e+45
1.29396e+16 1.16858e+45
1.29712e+16 1.16858e+45
1.30027e+16 1.16858e+45
1.30343e+16 1.16858e+45
1.30658e+16 1.16858e+45
1.30974e+16 1.16858e+45
1.3129e+16 1.16858e+45
1.31605e+16 1.16858e+45
1.31921e+16 1.16858e+45
1.32236e+16 1.16858e+45
1.32552e+16 1.16858e+45
1.32868e+16 1.16858e+45
1.33183e+16 1.16858e+45
1.33499e+16 1.16858e+45
1.33814e+16 1.16858e+45
1.3413e+16 1.16858e+45
1.34446e+16 1.16858e+45
1.34761e+16 1.16858e+45
1.35077e+16 1.16858e+45
1.35392e+16 1.16858e+45
1.35708e+16 1.16858e+45
1.36024e+16 1.16858e+45
1.36339e+16 1.16858e+45
1.36655e+16 1.16858e+45
1.3697e+16 1.16858e+45
1.37286e+16 1.16858e+45
1.37602e+16 1.16858e+45
1.37917e+16 1.16858e+45
1.38233e+16 1.16858e+45
1.38548e+16 1.16858e+45
1.38864e+16 1.16858e+45
1.3918e+16 1.16858e+45
1.39495e+16 1.16858e+45
1.39811e+16 1.16858e+45
1.40126e+16 1.16858e+45
1.40442e+16 1.16858e+45
1.40758e+16 1.16858e+45
1.41073e+16 1.16858e+45
1.41389e+16 1.16858e+45
1.41704e+16 1.16858e+45
1.4202e+16 1.16858e+45
1.42336e+16 1.16858e+45
1.42651e+16 1.16858e+45
1.42967e+16 1.16858e+45
1.43282e+16 1.16858e+45
1.43598e+16 1.16858e+45
1.43914e+16 1.16858e+45
1.44229e+16 1.16858e+45
1.44545e+16 1.16858e+45
1.4486e+16 1.16858e+45
1.45176e+16 1.16858e+45
1.45492e+16 1.16858e+45
1.45807e+16 1.16858e+45
1.46123e+16 1.16858e+45
1.46438e+16 1.16858e+45
1.46754e+16 1.16858e+45
1.4707e+16 1.16858e+45
1.47385e+16 1.16858e+45
1.47701e+16 1.16858e+45
1.48016e+16 1.16858e+45
1.48332e+16 1.16858e+45
1.48648e+16 1.16858e+45
1.48963e+16 1.16858e+45
1.49279e+16 1.16858e+45
1.49594e+16 1.16858e+45
1.4991e+16 1.16858e+45
1.50226e+16 1.16858e+45
1.50541e+16 1.16858e+45
1.50857e+16 1.16858e+45
1.51172e+16 1.16858e+45
1.51488e+16 1.16858e+45
1.51804e+16 1.16858e+45
1.52119e+16 1.16858e+45
1.52435e+16 1.16858e+45
1.5275e+16 1.16858e+45
1.53066e+16 1.16858e+45
1.53382e+16 1.16858e+45
1.53697e+16 1.16858e+45
1.54013e+16 1.16858e+45
1.54328e+16 1.16858e+45
1.54644e+16 1.16858e+45
1.5496e+16 1.16858e+45
1.55275e+16 1.16858e+45
1.55591e+16 1.16858e+45
1.55906e+16 1.16858e+45
1.56222e+16 1.16858e+45
1.56538e+16 1.16858e+45
1.56853e+16 1.16858e+45
1.57169e+16 1.16858e+45
1.57484e+16 1.16858e+45
1.578e+16 1.16858e+45
1.58116e+16 1.16858e+45
1.58431e+16 1.16858e+45
1.58747e+16 1.16858e+45
1.59062e+16 1.16858e+45
1.59378e+16 1.16858e+45
1.59694e+16 1.16858e+45
1.60009e+16 1.16858e+45
1.60325e+16 1.16858e+45
1.6064e+16 1.16858e+45
1.60956e+16 1.16858e+45
1.61272e+16 1.16858e+45
1.61587e+16 1.16858e+45
1.61903e+16 1.16858e+45
1.62218e+16 1.16858e+45
1.62534e+16 1.16858e+45
1.6285e+16 1.16858e+45
1.63165e+16 1.16858e+45
1.63481e+16 1.16858e+45
1.63796e+16 1.16858e+45
1.64112e+16 1.16858e+45
1.64428e+16 1.16858e+45
1.64743e+16 1.16858e+45
1.65059e+16 1.16858e+45
1.65374e+16 1.16858e+45
1.6569e+16 1.16858e+45
1.66006e+16 1.16858e+45
1.66321e+16 1.16858e+45
1.66637e+16 1.16858e+45
1.66952e+16 1.16858e+45
1.67268e+16 1.16858e+45
1.67584e+16 1.16858e+45
1.67899e+16 1.16858e+45
1.68215e+16 1.16858e+45
1.6853e+16 1.16858e+45
1.68846e+16 1.16858e+45
1.69162e+16 1.16858e+45
1.69477e+16 1.16858e+45
1.69793e+16 1.16858e+45
1.70108e+16 1.16858e+45
1.70424e+16 1.16858e+45
1.7074e+16 1.16858e+45
1.71055e+16 1.16858e+45
1.71371e+16 1.16858e+45
1.71686e+16 1.16858e+45
1.72002e+16 1.16858e+45
1.72318e+16 1.16858e+45
1.72633e+16 1.16858e+45
1.72949e+16 1.16858e+45
1.73264e+16 1.16858e+45
1.7358e+16 1.16858e+45
1.73896e+16 1.16858e+45
1.74211e+16 1.16858e+45
1.74527e+16 1.16858e+45
1.74842e+16 1.16858e+45
1.75158e+16 1.16858e+45
1.75474e+16 1.16858e+45
1.75789e+16 1.16858e+45
1.76105e+16 1.16858e+45
1.7642e+16 1.16858e+45
1.76736e+16 1.16858e+45
1.77052e+16 1.16858e+45
1.77367e+16 1.16858e+45
1.77683e+16 1.16858e+45
1.77998e+16 1.16858e+45
1.78314e+16 1.16858e+45
1.7863e+16 1.16858e+45
1.78945e+16 1.16858e+45
1.79261e+16 1.16858e+45
1.79576e+16 1.16858e+45
1.79892e+16 1.16858e+45
1.80208e+16 1.16858e+45
1.80523e+16 1.16858e+45
1.80839e+16 1.16858e+45
1.81154e+16 1.16858e+45
1.8147e+16 1.16858e+45
1.81786e+16 1.16858e+45
1.82101e+16 1.16858e+45
1.82417e+16 1.16858e+45
1.82732e+16 1.16858e+45
1.83048e+16 1.16858e+45
1.83364e+16 1.16858e+45
1.83679e+16 1.16858e+45
1.83995e+16 1.16858e+45
1.8431e+16 1.16858e+45
1.84626e+16 1.16858e+45
1.84942e+16 1.16858e+45
1.85257e+16 1.16858e+45
1.85573e+16 1.16858e+45
1.85888e+16 1.16858e+45
1.86204e+16 1.16858e+45
1.8652e+16 1.16858e+45
1.86835e+16 1.16858e+45
1.87151e+16 1.16858e+45
1.87466e+16 1.16858e+45
1.87782e+16 1.16858e+45
1.88098e+16 1.16858e+45
1.88413e+16 1.16858e+45
1.88729e+16 1.16858e+45
1.89044e+16 1.16858e+45
1.8936e+16 1.16858e+45
1.89676e+16 1.16858e+45
1.89991e+16 1.16858e+45
1.90307e+16 1.16858e+45
1.90622e+16 1.16858e+45
1.90938e+16 1.16858e+45
1.91254e+16 1.16858e+45
1.91569e+16 1.16858e+45
1.91885e+16 1.16858e+45
1.922e+16 1.16858e+45
1.92516e+16 1.16858e+45
1.92832e+16 1.16858e+45
1.93147e+16 1.16858e+45
1.93463e+16 1.16858e+45
1.93778e+16 1.16858e+45
1.94094e+16 1.16858e+45
1.9441e+16 1.16858e+45
1.94725e+16 1.16858e+45
1.95041e+16 1.16858e+45
1.95356e+16 1.16858e+45
1.95672e+16 1.16858e+45
1.95988e+16 1.16858e+45
1.96303e+16 1.16858e+45
1.96619e+16 1.16858e+45
1.96934e+16 1.16858e+45
1.9725e+16 1.16858e+45
1.97566e+16 1.16858e+45
1.97881e+16 1.16858e+45
1.98197e+16 1.16858e+45
1.98512e+16 1.16858e+45
1.98828e+16 1.16858e+45
1.99144e+16 1.16858e+45
1.99459e+16 1.16858e+45
1.99775e+16 1.16858e+45
2.0009e+16 1.16858e+45
2.00406e+16 1.16858e+45
2.00722e+16 1.16858e+45
2.01037e+16 1.16858e+45
2.01353e+16 1.16858e+45
2.01668e+16 1.16858e+45
2.01984e+16 1.16858e+45
2.023e+16 1.16858e+45
2.02615e+16 1.16858e+45
2.02931e+16 1.16858e+45
2.03246e+16 1.16858e+45
2.03562e+16 1.16858e+45
2.03878e+16 1.16858e+45
2.04193e+16 1.16858e+45
2.04509e+16 1.16858e+45
2.04824e+16 1.16858e+45
2.0514e+16 1.16858e+45
2.05456e+16 1.16858e+45
2.05771e+16 1.16858e+45
2.06087e+16 1.16858e+45
2.06402e+16 1.16858e+45
2.06718e+16 1.16858e+45
2.07034e+16 1.16858e+45
2.07349e+16 1.16858e+45
2.07665e+16 1.16858e+45
2.0798e+16 1.16858e+45
2.08296e+16 1.16858e+45
2.08612e+16 1.16858e+45
2.08927e+16 1.16858e+45
2.09243e+16 1.16858e+45
2.09558e+16 1.16858e+45
2.09874e+16 1.16858e+45
2.1019e+16 1.16858e+45
2.10505e+16 1.16858e+45
2.10821e+16 1.16858e+45
2.11136e+16 1.16858e+45
2.11452e+16 1.16858e+45
2.11768e+16 1.16858e+45
2.12083e+16 1.16858e+45
2.12399e+16 1.16858e+45
2.12714e+16 1.16858e+45
2.1303e+16 1.16858e+45
2.13346e+16 1.16858e+45
2.13661e+16 1.16858e+45
2.13977e+16 1.16858e+45
2.14292e+16 1.16858e+45
2.14608e+16 1.16858e+45
2.14924e+16 1.16858e+45
2.15239e+16 1.16858e+45
2.15555e+16 1.16858e+45
2.1587e+16 1.16858e+45
2.16186e+16 1.16858e+45
2.16502e+16 1.16858e+45
2.16817e+16 1.16858e+45
2.17133e+16 1.16858e+45
2.17448e+16 1.16858e+45
2.17764e+16 1.16858e+45
2.1808e+16 1.16858e+45
2.18395e+16 1.16858e+45
2.18711e+16 1.16858e+45
2.19026e+16 1.16858e+45
2.19342e+16 1.16858e+45
2.19658e+16 1.16858e+45
2.19973e+16 1.16858e+45
2.20289e+16 1.16858e+45
2.20604e+16 1.16858e+45
2.2092e+16 1.16858e+45
2.21236e+16 1.16858e+45
2.21551e+16 1.16858e+45
2.21867e+16 1.16858e+45
2.22182e+16 1.16858e+45
2.22498e+16 1.16858e+45
2.22814e+16 1.16858e+45
2.23129e+16 1.16858e+45
2.23445e+16 1.16858e+45
2.2376e+16 1.16858e+45
2.24076e+16 1.16858e+45
2.24392e+16 1.16858e+45
2.24707e+16 1.16858e+45
2.25023e+16 1.16858e+45
2.25338e+16 1.16858e+45
2.25654e+16 1.16858e+45
2.2597e+16 1.16858e+45
2.26285e+16 1.16858e+45
2.26601e+16 1.16858e+45
2.26916e+16 1.16858e+45
2.27232e+16 1.16858e+45
2.27548e+16 1.16858e+45
2.27863e+16 1.16858e+45
2.28179e+16 1.16858e+45
2.28494e+16 1.16858e+45
2.2881e+16 1.16858e+45
2.29126e+16 1.16858e+45
2.29441e+16 1.16858e+45
2.29757e+16 1.16858e+45
2.30072e+16 1.16858e+45
2.30388e+16 1.16858e+45
2.30704e+16 1.16858e+45
2.31019e+16 1.16858e+45
2.31335e+16 1.16858e+45
2.3165e+16 1.16858e+45
2.31966e+16 1.16858e+45
2.32282e+16 1.16858e+45
2.32597e+16 1.16858e+45
2.32913e+16 1.16858e+45
2.33228e+16 1.16858e+45
2.33544e+16 1.16858e+45
2.3386e+16 1.16858e+45
2.34175e+16 1.16858e+45
2.34491e+16 1.16858e+45
2.34806e+16 1.16858e+45
2.35122e+16 1.16858e+45
2.35438e+16 1.16858e+45
2.35753e+16 1.16858e+45
2.36069e+16 1.16858e+45
2.36384e+16 1.16858e+45
2.367e+16 1.16858e+45
2.37016e+16 1.16858e+45
2.37331e+16 1.16858e+45
2.37647e+16 1.16858e+45
2.37962e+16 1.16858e+45
2.38278e+16 1.16858e+45
2.38594e+16 1.16858e+45
2.38909e+16 1.16858e+45
2.39225e+16 1.16858e+45
2.3954e+16 1.16858e+45
2.39856e+16 1.16858e+45
2.40172e+16 1.16858e+45
2.40487e+16 1.16858e+45
2.40803e+16 1.16858e+45
2.41118e+16 1.16858e+45
2.41434e+16 1.16858e+45
2.4175e+16 1.16858e+45
2.42065e+16 1.16858e+45
2.42381e+16 1.16858e+45
2.42696e+16 1.16858e+45
2.43012e+16 1.16858e+45
2.43328e+16 1.16858e+45
2.43643e+16 1.16858e+45
2.43959e+16 1.16858e+45
2.44274e+16 1.16858e+45
2.4459e+16 1.16858e+45
2.44906e+16 1.16858e+45
2.45221e+16 1.16858e+45
2.45537e+16 1.16858e+45
2.45852e+16 1.16858e+45
2.46168e+16 1.16858e+45
2.46484e+16 1.16858e+45
2.46799e+16 1.16858e+45
2.47115e+16 1.16858e+45
2.4743e+16 1.16858e+45
2.47746e+16 1.16858e+45
2.48062e+16 1.16858e+45
2.48377e+16 1.16858e+45
2.48693e+16 1.16858e+45
2.49008e+16 1.16858e+45
2.49324e+16 1.16858e+45
2.4964e+16 1.16858e+45
2.49955e+16 1.16858e+45
2.50271e+16 1.16858e+45
2.50586e+16 1.16858e+45
2.50902e+16 1.16858e+45
2.51218e+16 1.16858e+45
2.51533e+16 1.16858e+45
2.51849e+16 1.16858e+45
2.52164e+16 1.16858e+45
2.5248e+16 1.16858e+45
2.52796e+16 1.16858e+45
2.53111e+16 1.16858e+45
2.53427e+16 1.16858e+45
2.53742e+16 1.16858e+45
2.54058e+16 1.16858e+45
2.54374e+16 1.16858e+45
2.54689e+16 1.16858e+45
2.55005e+16 1.16858e+45
2.5532e+16 1.16858e+45
2.55636e+16 1.16858e+45
2.55952e+16 1.16858e+45
2.56267e+16 1.16858e+45
2.56583e+16 1.16858e+45
2.56898e+16 1.16858e+45
2.57214e+16 1.16858e+45
2.5753e+16 1.16858e+45
2.57845e+16 1.16858e+45
2.58161e+16 1.16858e+45
2.58476e+16 1.16858e+45
2.58792e+16 1.16858e+45
2.59108e+16 1.16858e+45
2.59423e+16 1.16858e+45
2.59739e+16 1.16858e+45
2.60054e+16 1.16858e+45
2.6037e+16 1.16858e+45
2.60686e+16 1.16858e+45
2.61001e+16 1.16858e+45
2.61317e+16 1.16858e+45
2.61632e+16 1.16858e+45
2.61948e+16 1.16858e+45
2.62264e+16 1.16858e+45
2.62579e+16 1.16858e+45
2.62895e+16 1.16858e+45
2.6321e+16 1.16858e+45
2.63526e+16 1.16858e+45
2.63842e+16 1.16858e+45
2.64157e+16 1.16858e+45
2.64473e+16 1.16858e+45
2.64788e+16 1.16858e+45
2.65104e+16 1.16858e+45
2.6542e+16 1.16858e+45
2.65735e+16 1.16858e+45
2.66051e+16 1.16858e+45
2.66366e+16 1.16858e+45
2.66682e+16 1.16858e+45
2.66998e+16 1.16858e+45
2.67313e+16 1.16858e+45
2.67629e+16 1.16858e+45
2.67944e+16 1.16858e+45
2.6826e+16 1.16858e+45
2.68576e+16 1.16858e+45
2.68891e+16 1.16858e+45
2.69207e+16 1.16858e+45
2.69522e+16 1.16858e+45
2.69838e+16 1.16858e+45
2.70154e+16 1.16858e+45
2.70469e+16 1.16858e+45
2.70785e+16 1.16858e+45
2.711e+16 1.16858e+45
2.71416e+16 1.16858e+45
2.71732e+16 1.16858e+45
2.72047e+16 1.16858e+45
2.72363e+16 1.16858e+45
2.72678e+16 1.16858e+45
2.72994e+16 1.16858e+45
2.7331e+16 1.16858e+45
2.73625e+16 1.16858e+45
2.73941e+16 1.16858e+45
2.74256e+16 1.16858e+45
2.74572e+16 1.16858e+45
2.74888e+16 1.16858e+45
2.75203e+16 1.16858e+45
2.75519e+16 1.16858e+45
2.75834e+16 1.16858e+45
2.7615e+16 1.16858e+45
2.76466e+16 1.16858e+45
2.76781e+16 1.16858e+45
2.77097e+16 1.16858e+45
2.77412e+16 1.16858e+45
2.77728e+16 1.16858e+45
2.78044e+16 1.16858e+45
2.78359e+16 1.16858e+45
2.78675e+16 1.16858e+45
2.7899e+16 1.16858e+45
2.79306e+16 1.16858e+45
2.79622e+16 1.16858e+45
2.79937e+16 1.16858e+45
2.80253e+16 1.16858e+45
2.80568e+16 1.16858e+45
2.80884e+16 1.16858e+45
2.812e+16 1.16858e+45
2.81515e+16 1.16858e+45
2.81831e+16 1.16858e+45
2.82146e+16 1.16858e+45
2.82462e+16 1.16858e+45
2.82778e+16 1.16858e+45
2.83093e+16 1.16858e+45
2.83409e+16 1.16858e+45
2.83724e+16 1.16858e+45
2.8404e+16 1.16858e+45
2.84356e+16 1.16858e+45
2.84671e+16 1.16858e+45
2.84987e+16 1.16858e+45
2.85302e+16 1.16858e+45
2.85618e+16 1.16858e+45
2.85934e+16 1.16858e+45
2.86249e+16 1.16858e+45
2.86565e+16 1.16858e+45
2.8688e+16 1.16858e+45
2.87196e+16 1.16858e+45
2.87512e+16 1.16858e+45
2.87827e+16 1.16858e+45
2.88143e+16 1.16858e+45
2.88458e+16 1.16858e+45
2.88774e+16 1.16858e+45
2.8909e+16 1.16858e+45
2.89405e+16 1.16858e+45
2.89721e+16 1.16858e+45
2.90036e+16 1.16858e+45
2.90352e+16 1.16858e+45
2.90668e+16 1.16858e+45
2.90983e+16 1.16858e+45
2.91299e+16 1.16858e+45
2.91614e+16 1.16858e+45
2.9193e+16 1.16858e+45
2.92246e+16 1.16858e+45
2.92561e+16 1.16858e+45
2.92877e+16 1.16858e+45
2.93192e+16 1.16858e+45
2.93508e+16 1.16858e+45
2.93824e+16 1.16858e+45
2.94139e+16 1.16858e+45
2.94455e+16 1.16858e+45
2.9477e+16 1.16858e+45
2.95086e+16 1.16858e+45
2.95402e+16 1.16858e+45
2.95717e+16 1.16858e+45
2.96033e+16 1.16858e+45
2.96348e+16 1.16858e+45
2.96664e+16 1.16858e+45
2.9698e+16 1.16858e+45
2.97295e+16 1.16858e+45
2.97611e+16 1.16858e+45
2.97926e+16 1.16858e+45
2.98242e+16 1.16858e+45
2.98558e+16 1.16858e+45
2.98873e+16 1.16858e+45
2.99189e+16 1.16858e+45
2.99504e+16 1.16858e+45
2.9982e+16 1.16858e+45
3.00136e+16 1.16858e+45
3.00451e+16 1.16858e+45
3.00767e+16 1.16858e+45
3.01082e+16 1.16858e+45
3.01398e+16 1.16858e+45
3.01714e+16 1.16858e+45
3.02029e+16 1.16858e+45
3.02345e+16 1.16858e+45
3.0266e+16 1.16858e+45
3.02976e+16 1.16858e+45
3.03292e+16 1.16858e+45
3.03607e+16 1.16858e+45
3.03923e+16 1.16858e+45
3.04238e+16 1.16858e+45
3.04554e+16 1.16858e+45
3.0487e+16 1.16858e+45
3.05185e+16 1.16858e+45
3.05501e+16 1.16858e+45
3.05816e+16 1.16858e+45
3.06132e+16 1.16858e+45
3.06448e+16 1.16858e+45
3.06763e+16 1.16858e+45
3.07079e+16 1.16858e+45
3.07394e+16 1.16858e+45
3.0771e+16 1.16858e+45
3.08026e+16 1.16858e+45
3.08341e+16 1.16858e+45
3.08657e+16 1.16858e+45
3.08972e+16 1.16858e+45
3.09288e+16 1.16858e+45
3.09604e+16 1.16858e+45
3.09919e+16 1.16858e+45
3.10235e+16 1.16858e+45
3.1055e+16 1.16858e+45
3.10866e+16 1.16858e+45
3.11182e+16 1.16858e+45
3.11497e+16 1.16858e+45
3.11813e+16 1.16858e+45
3.12128e+16 1.16858e+45
3.12444e+16 1.16858e+45
3.1276e+16 1.16858e+45
3.13075e+16 1.16858e+45
3.13391e+16 1.16858e+45
3.13706e+16 1.16858e+45
3.14022e+16 1.16858e+45
3.14338e+16 1.16858e+45
3.14653e+16 1.16858e+45
3.14969e+16 1.16858e+45
3.15284e+16 1.16858e+45
3.156e+16 1.16858e+45
3.15916e+16 1.16858e+45
3.16231e+16 1.16858e+45
3.16547e+16 1.16858e+45
3.16862e+16 1.16858e+45
3.17178e+16 1.16858e+45
3.17494e+16 1.16858e+45
3.17809e+16 1.16858e+45
3.18125e+16 1.16858e+45
3.1844e+16 1.16858e+45
3.18756e+16 1.16858e+45
3.19072e+16 1.16858e+45
3.19387e+16 1.16858e+45
3.19703e+16 1.16858e+45
3.20018e+16 1.16858e+45
3.20334e+16 1.16858e+45
3.2065e+16 1.16858e+45
3.20965e+16 1.16858e+45
3.21281e+16 1.16858e+45
3.21596e+16 1.16858e+45
3.21912e+16 1.16858e+45
3.22228e+16 1.16858e+45
3.22543e+16 1.16858e+45
3.22859e+16 1.16858e+45
3.23174e+16 1.16858e+45
3.2349e+16 1.16858e+45
3.23806e+16 1.16858e+45
3.24121e+16 1.16858e+45
3.24437e+16 1.16858e+45
3.24752e+16 1.16858e+45
3.25068e+16 1.16858e+45
3.25384e+16 1.16858e+45
3.25699e+16 1.16858e+45
3.26015e+16 1.16858e+45
3.2633e+16 1.16858e+45
3.26646e+16 1.16858e+45
3.26962e+16 1.16858e+45
3.27277e+16 1.16858e+45
3.27593e+16 1.16858e+45
3.27908e+16 1.16858e+45
3.28224e+16 1.16858e+45
3.2854e+16 1.16858e+45
3.28855e+16 1.16858e+45
3.29171e+16 1.16858e+45
3.29486e+16 1.16858e+45
3.29802e+16 1.16858e+45
3.30118e+16 1.16858e+45
3.30433e+16 1.16858e+45
3.30749e+16 1.16858e+45
3.31064e+16 1.16858e+45
3.3138e+16 1.16858e+45
3.31696e+16 1.16858e+45
3.32011e+16 1.16858e+45
3.32327e+16 1.16858e+45
3.32642e+16 1.16858e+45
3.32958e+16 1.16858e+45
3.33274e+16 1.16858e+45
3.33589e+16 1.16858e+45
3.33905e+16 1.16858e+45
3.3422e+16 1.16858e+45
3.34536e+16 1.16858e+45
3.34852e+16 1.16858e+45
3.35167e+16 1.16858e+45
3.35483e+16 1.16858e+45
3.35798e+16 1.16858e+45
3.36114e+16 1.16858e+45
3.3643e+16 1.16858e+45
3.36745e+16 1.16858e+45
3.37061e+16 1.16858e+45
3.37376e+16 1.16858e+45
3.37692e+16 1.16858e+45
3.38008e+16 1.16858e+45
3.38323e+16 1.16858e+45
3.38639e+16 1.16858e+45
3.38954e+16 1.16858e+45
3.3927e+16 1.16858e+45
3.39586e+16 1.16858e+45
3.39901e+16 1.16858e+45
3.40217e+16 1.16858e+45
3.40532e+16 1.16858e+45
3.40848e+16 1.16858e+45
3.41164e+16 1.16858e+45
3.41479e+16 1.16858e+45
3.41795e+16 1.16858e+45
3.4211e+16 1.16858e+45
3.42426e+16 1.16858e+45
3.42742e+16 1.16858e+45
3.43057e+16 1.16858e+45
3.43373e+16 1.16858e+45
3.43688e+16 1.16858e+45
3.44004e+16 1.16858e+45
3.4432e+16 1.16858e+45
3.44635e+16 1.16858e+45
3.44951e+16 1.16858e+45
3.45266e+16 1.16858e+45
3.45582e+16 1.16858e+45
3.45898e+16 1.16858e+45
3.46213e+16 1.16858e+45
3.46529e+16 1.16858e+45
3.46844e+16 1.16858e+45
3.4716e+16 1.16858e+45
3.47476e+16 1.16858e+45
3.47791e+16 1.16858e+45
3.48107e+16 1.16858e+45
3.48422e+16 1.16858e+45
3.48738e+16 1.16858e+45
3.49054e+16 1.16858e+45
3.49369e+16 1.16858e+45
3.49685e+16 1.16858e+45
3.5e+16 1.16858e+45
3.50316e+16 1.16858e+45
3.50632e+16 1.16858e+45
3.50947e+16 1.16858e+45
3.51263e+16 1.16858e+45
3.51578e+16 1.16858e+45
3.51894e+16 1.16858e+45
3.5221e+16 1.16858e+45
3.52525e+16 1.16858e+45
3.52841e+16 1.16858e+45
3.53156e+16 1.16858e+45
3.53472e+16 1.16858e+45
3.53788e+16 1.16858e+45
3.54103e+16 1.16858e+45
3.54419e+16 1.16858e+45
3.54734e+16 1.16858e+45
3.5505e+16 1.16858e+45
3.55366e+16 1.16858e+45
3.55681e+16 1.16858e+45
3.55997e+16 1.16858e+45
3.56312e+16 1.16858e+45
3.56628e+16 1.16858e+45
3.56944e+16 1.16858e+45
3.57259e+16 1.16858e+45
3.57575e+16 1.16858e+45
3.5789e+16 1.16858e+45
3.58206e+16 1.16858e+45
3.58522e+16 1.16858e+45
3.58837e+16 1.16858e+45
3.59153e+16 1.16858e+45
3.59468e+16 1.16858e+45
3.59784e+16 1.16858e+45
3.601e+16 1.16858e+45
3.60415e+16 1.16858e+45
3.60731e+16 1.16858e+45
3.61046e+16 1.16858e+45
3.61362e+16 1.16858e+45
3.61678e+16 1.16858e+45
3.61993e+16 1.16858e+45
3.62309e+16 1.16858e+45
3.62624e+16 1.16858e+45
3.6294e+16 1.16858e+45
3.63256e+16 1.16858e+45
3.63571e+16 1.16858e+45
3.63887e+16 1.16858e+45
3.64202e+16 1.16858e+45
3.64518e+16 1.16858e+45
3.64834e+16 1.16858e+45
3.65149e+16 1.16858e+45
3.65465e+16 1.16858e+45
3.6578e+16 1.16858e+45
3.66096e+16 1.16858e+45
3.66412e+16 1.16858e+45
3.66727e+16 1.16858e+45
3.67043e+16 1.16858e+45
3.67358e+16 1.16858e+45
3.67674e+16 1.16858e+45
3.6799e+16 1.16858e+45
3.68305e+16 1.16858e+45
3.68621e+16 1.16858e+45
3.68936e+16 1.16858e+45
3.69252e+16 1.16858e+45
3.69568e+16 1.16858e+45
3.69883e+16 1.16858e+45
3.70199e+16 1.16858e+45
3.70514e+16 1.16858e+45
3.7083e+16 1.16858e+45
3.71146e+16 1.16858e+45
3.71461e+16 1.16858e+45
3.71777e+16 1.16858e+45
3.72092e+16 1.16858e+45
3.72408e+16 1.16858e+45
3.72724e+16 1.16858e+45
3.73039e+16 1.16858e+45
3.73355e+16 1.16858e+45
3.7367e+16 1.16858e+45
3.73986e+16 1.16858e+45
3.74302e+16 1.16858e+45
3.74617e+16 1.16858e+45
3.74933e+16 1.16858e+45
3.75248e+16 1.16858e+45
3.75564e+16 1.16858e+45
3.7588e+16 1.16858e+45
3.76195e+16 1.16858e+45
3.76511e+16 1.16858e+45
3.76826e+16 1.16858e+45
3.77142e+16 1.16858e+45
3.77458e+16 1.16858e+45
3.77773e+16 1.16858e+45
3.78089e+16 1.16858e+45
3.78404e+16 1.16858e+45
3.7872e+16 1.16858e+45
3.79036e+16 1.16858e+45
3.79351e+16 1.16858e+45
3.79667e+16 1.16858e+45
3.79982e+16 1.16858e+45
3.80298e+16 1.16858e+45
3.80614e+16 1.16858e+45
3.80929e+16 1.16858e+45
3.81245e+16 1.16858e+45
3.8156e+16 1.16858e+45
3.81876e+16 1.16858e+45
3.82192e+16 1.16858e+45
3.82507e+16 1.16858e+45
3.82823e+16 1.16858e+45
3.83138e+16 1.16858e+45
3.83454e+16 1.16858e+45
3.8377e+16 1.16858e+45
3.84085e+16 1.16858e+45
3.84401e+16 1.16858e+45
3.84716e+16 1.16858e+45
3.85032e+16 1.16858e+45
3.85348e+16 1.16858e+45
3.85663e+16 1.16858e+45
3.85979e+16 1.16858e+45
3.86294e+16 1.16858e+45
3.8661e+16 1.16858e+45
3.86926e+16 1.16858e+45
3.87241e+16 1.16858e+45
3.87557e+16 1.16858e+45
3.87872e+16 1.16858e+45
3.88188e+16 1.16858e+45
3.88504e+16 1.16858e+45
3.88819e+16 1.16858e+45
3.89135e+16 1.16858e+45
3.8945e+16 1.16858e+45
3.89766e+16 1.16858e+45
3.90082e+16 1.16858e+45
3.90397e+16 1.16858e+45
3.90713e+16 1.16858e+45
3.91028e+16 1.16858e+45
3.91344e+16 1.16858e+45
3.9166e+16 1.16858e+45
3.91975e+16 1.16858e+45
3.92291e+16 1.16858e+45
3.92606e+16 1.16858e+45
3.92922e+16 1.16858e+45
3.93238e+16 1.16858e+45
3.93553e+16 1.16858e+45
3.93869e+16 1.16858e+45
3.94184e+16 1.16858e+45
3.945e+16 1.16858e+45
3.94816e+16 1.16858e+45
3.95131e+16 1.16858e+45
3.95447e+16 1.16858e+45
3.95762e+16 1.16858e+45
3.96078e+16 1.16858e+45
3.96394e+16 1.16858e+45
3.96709e+16 1.16858e+45
3.97025e+16 1.16858e+45
3.9734e+16 1.16858e+45
3.97656e+16 1.16858e+45
3.97972e+16 1.16858e+45
3.98287e+16 1.16858e+45
3.98603e+16 1.16858e+45
3.98918e+16 1.16858e+45
3.99234e+16 1.16858e+45
3.9955e+16 1.16858e+45
3.99865e+16 1.16858e+45
4.00181e+16 1.16858e+45
4.00496e+16 1.16858e+45
4.00812e+16 1.16858e+45
4.01128e+16 1.16858e+45
4.01443e+16 1.16858e+45
4.01759e+16 1.16858e+45
4.02074e+16 1.16858e+45
4.0239e+16 1.16858e+45
4.02706e+16 1.16858e+45
4.03021e+16 1.16858e+45
4.03337e+16 1.16858e+45
4.03652e+16 1.16858e+45
4.03968e+16 1.16858e+45
4.04284e+16 1.16858e+45
4.04599e+16 1.16858e+45
4.04915e+16 1.16858e+45
4.0523e+16 1.16858e+45
4.05546e+16 1.16858e+45
4.05862e+16 1.16858e+45
4.06177e+16 1.16858e+45
4.06493e+16 1.16858e+45
4.06808e+16 1.16858e+45
4.07124e+16 1.16858e+45
4.0744e+16 1.16858e+45
4.07755e+16 1.16858e+45
4.08071e+16 1.16858e+45
4.08386e+16 1.16858e+45
4.08702e+16 1.16858e+45
4.09018e+16 1.16858e+45
4.09333e+16 1.16858e+45
4.09649e+16 1.16858e+45
4.09964e+16 1.16858e+45
4.1028e+16 1.16858e+45
4.10596e+16 1.16858e+45
4.10911e+16 1.16858e+45
4.11227e+16 1.16858e+45
4.11542e+16 1.16858e+45
4.11858e+16 1.16858e+45
4.12174e+16 1.16858e+45
4.12489e+16 1.16858e+45
4.12805e+16 1.16858e+45
4.1312e+16 1.16858e+45
4.13436e+16 1.16858e+45
4.13752e+16 1.16858e+45
4.14067e+16 1.16858e+45
4.14383e+16 1.16858e+45
4.14698e+16 1.16858e+45
4.15014e+16 1.16858e+45
4.1533e+16 1.16858e+45
4.15645e+16 1.16858e+45
4.15961e+16 1.16858e+45
4.16276e+16 1.16858e+45
4.16592e+16 1.16858e+45
4.16908e+16 1.16858e+45
4.17223e+16 1.16858e+45
4.17539e+16 1.16858e+45
4.17854e+16 1.16858e+45
4.1817e+16 1.16858e+45
4.18486e+16 1.16858e+45
4.18801e+16 1.16858e+45
4.19117e+16 1.16858e+45
4.19432e+16 1.16858e+45
4.19748e+16 1.16858e+45
4.20064e+16 1.16858e+45
4.20379e+16 1.16858e+45
4.20695e+16 1.16858e+45
4.2101e+16 1.16858e+45
4.21326e+16 1.16858e+45
4.21642e+16 1.16858e+45
4.21957e+16 1.16858e+45
4.22273e+16 1.16858e+45
4.22588e+16 1.16858e+45
4.22904e+16 1.16858e+45
4.2322e+16 1.16858e+45
4.23535e+16 1.16858e+45
4.23851e+16 1.16858e+45
4.24166e+16 1.16858e+45
4.24482e+16 1.16858e+45
4.24798e+16 1.16858e+45
4.25113e+16 1.16858e+45
4.25429e+16 1.16858e+45
4.25744e+16 1.16858e+45
4.2606e+16 1.16858e+45
4.26376e+16 1.16858e+45
4.26691e+16 1.16858e+45
4.27007e+16 1.16858e+45
4.27322e+16 1.16858e+45
4.27638e+16 1.16858e+45
4.27954e+16 1.16858e+45
4.28269e+16 1.16858e+45
4.28585e+16 1.16858e+45
4.289e+16 1.16858e+45
4.29216e+16 1.16858e+45
4.29532e+16 1.16858e+45
4.29847e+16 1.16858e+45
4.30163e+16 1.16858e+45
4.30478e+16 1.16858e+45
4.30794e+16 1.16858e+45
4.3111e+16 1.16858e+45
4.31425e+16 1.16858e+45
4.31741e+16 1.16858e+45
4.32056e+16 1.16858e+45
4.32372e+16 1.16858e+45
4.32688e+16 1.16858e+45
4.33003e+16 1.16858e+45
4.33319e+16 1.16858e+45
4.33634e+16 1.16858e+45
4.3395e+16 1.16858e+45
4.34266e+16 1.16858e+45
4.34581e+16 1.16858e+45
4.34897e+16 1.16858e+45
4.35212e+16 1.16858e+45
4.35528e+16 1.16858e+45
4.35844e+16 1.16858e+45
4.36159e+16 1.16858e+45
4.36475e+16 1.16858e+45
4.3679e+16 1.16858e+45
4.37106e+16 1.16858e+45
4.37422e+16 1.16858e+45
4.37737e+16 1.16858e+45
4.38053e+16 1.16858e+45
4.38368e+16 1.16858e+45
4.38684e+16 1.16858e+45
4.39e+16 1.16858e+45
4.39315e+16 1.16858e+45
4.39631e+16 1.16858e+45
4.39946e+16 1.16858e+45
4.40262e+16 1.16858e+45
4.40578e+16 1.16858e+45
4.40893e+16 1.16858e+45
4.41209e+16 1.16858e+45
4.41524e+16 1.16858e+45
4.4184e+16 1.16858e+45
4.42156e+16 1.16858e+45
4.42471e+16 1.16858e+45
4.42787e+16 1.16858e+45
4.43102e+16 1.16858e+45
4.43418e+16 1.16858e+45
4.43734e+16 1.16858e+45
4.44049e+16 1.16858e+45
4.44365e+16 1.16858e+45
4.4468e+16 1.16858e+45
4.44996e+16 1.16858e+45
4.45312e+16 1.16858e+45
4.45627e+16 1.16858e+45
4.45943e+16 1.16858e+45
4.46258e+16 1.16858e+45
4.46574e+16 1.16858e+45
4.4689e+16 1.16858e+45
4.47205e+16 1.16858e+45
4.47521e+16 1.16858e+45
4.47836e+16 1.16858e+45
4.48152e+16 1.16858e+45
4.48468e+16 1.16858e+45
4.48783e+16 1.16858e+45
4.49099e+16 1.16858e+45
4.49414e+16 1.16858e+45
4.4973e+16 1.16858e+45
4.50046e+16 1.16858e+45
4.50361e+16 1.16858e+45
4.50677e+16 1.16858e+45
4.50992e+16 1.16858e+45
4.51308e+16 1.16858e+45
4.51624e+16 1.16858e+45
4.51939e+16 1.16858e+45
4.52255e+16 1.16858e+45
4.5257e+16 1.16858e+45
4.52886e+16 1.16858e+45
4.53202e+16 1.16858e+45
4.53517e+16 1.16858e+45
4.53833e+16 1.16858e+45
4.54148e+16 1.16858e+45
4.54464e+16 1.16858e+45
4.5478e+16 1.16858e+45
4.55095e+16 1.16858e+45
4.55411e+16 1.16858e+45
4.55726e+16 1.16858e+45
4.56042e+16 1.16858e+45
4.56358e+16 1.16858e+45
4.56673e+16 1.16858e+45
4.56989e+16 1.16858e+45
4.57304e+16 1.16858e+45
4.5762e+16 1.16858e+45
4.57936e+16 1.16858e+45
4.58251e+16 1.16858e+45
4.58567e+16 1.16858e+45
4.58882e+16 1.16858e+45
4.59198e+16 1.16858e+45
4.59514e+16 1.16858e+45
4.59829e+16 1.16858e+45
4.60145e+16 1.16858e+45
4.6046e+16 1.16858e+45
4.60776e+16 1.16858e+45
4.61092e+16 1.16858e+45
4.61407e+16 1.16858e+45
4.61723e+16 1.16858e+45
4.62038e+16 1.16858e+45
4.62354e+16 1.16858e+45
4.6267e+16 1.16858e+45
4.62985e+16 1.16858e+45
4.63301e+16 1.16858e+45
4.63616e+16 1.16858e+45
4.63932e+16 1.16858e+45
4.64248e+16 1.16858e+45
4.64563e+16 1.16858e+45
4.64879e+16 1.16858e+45
4.65194e+16 1.16858e+45
4.6551e+16 1.16858e+45
4.65826e+16 1.16858e+45
4.66141e+16 1.16858e+45
4.66457e+16 1.16858e+45
4.66772e+16 1.16858e+45
4.67088e+16 1.16858e+45
4.67404e+16 1.16858e+45
4.67719e+16 1.16858e+45
4.68035e+16 1.16858e+45
4.6835e+16 1.16858e+45
4.68666e+16 1.16858e+45
4.68982e+16 1.16858e+45
4.69297e+16 1.16858e+45
4.69613e+16 1.16858e+45
4.69928e+16 1.16858e+45
4.70244e+16 1.16858e+45
4.7056e+16 1.16858e+45
4.70875e+16 1.16858e+45
4.71191e+16 1.16858e+45
4.71506e+16 1.16858e+45
4.71822e+16 1.16858e+45
4.72138e+16 1.16858e+45
4.72453e+16 1.16858e+45
4.72769e+16 1.16858e+45
4.73084e+16 1.16858e+45
4.734e+16 1.16858e+45
4.73716e+16 1.16858e+45
4.74031e+16 1.16858e+45
4.74347e+16 1.16858e+45
4.74662e+16 1.16858e+45
4.74978e+16 1.16858e+45
4.75294e+16 1.16858e+45
4.75609e+16 1.16858e+45
4.75925e+16 1.16858e+45
4.7624e+16 1.16858e+45
4.76556e+16 1.16858e+45
4.76872e+16 1.16858e+45
4.77187e+16 1.16858e+45
4.77503e+16 1.16858e+45
4.77818e+16 1.16858e+45
4.78134e+16 1.16858e+45
4.7845e+16 1.16858e+45
4.78765e+16 1.16858e+45
4.79081e+16 1.16858e+45
4.79396e+16 1.16858e+45
4.79712e+16 1.16858e+45
4.80028e+16 1.16858e+45
4.80343e+16 1.16858e+45
4.80659e+16 1.16858e+45
4.80974e+16 1.16858e+45
4.8129e+16 1.16858e+45
4.81606e+16 1.16858e+45
4.81921e+16 1.16858e+45
4.82237e+16 1.16858e+45
4.82552e+16 1.16858e+45
4.82868e+16 1.16858e+45
4.83184e+16 1.16858e+45
4.83499e+16 1.16858e+45
4.83815e+16 1.16858e+45
4.8413e+16 1.16858e+45
4.84446e+16 1.16858e+45
4.84762e+16 1.16858e+45
4.85077e+16 1.16858e+45
4.85393e+16 1.16858e+45
4.85708e+16 1.16858e+45
4.86024e+16 1.16858e+45
4.8634e+16 1.16858e+45
4.86655e+16 1.16858e+45
4.86971e+16 1.16858e+45
4.87286e+16 1.16858e+45
4.87602e+16 1.16858e+45
4.87918e+16 1.16858e+45
4.88233e+16 1.16858e+45
4.88549e+16 1.16858e+45
4.88864e+16 1.16858e+45
4.8918e+16 1.16858e+45
4.89496e+16 1.16858e+45
4.89811e+16 1.16858e+45
4.90127e+16 1.16858e+45
4.90442e+16 1.16858e+45
4.90758e+16 1.16858e+45
4.91074e+16 1.16858e+45
4.91389e+16 1.16858e+45
4.91705e+16 1.16858e+45
4.9202e+16 1.16858e+45
4.92336e+16 1.16858e+45
4.92652e+16 1.16858e+45
4.92967e+16 1.16858e+45
4.93283e+16 1.16858e+45
4.93598e+16 1.16858e+45
4.93914e+16 1.16858e+45
4.9423e+16 1.16858e+45
4.94545e+16 1.16858e+45
4.94861e+16 1.16858e+45
4.95176e+16 1.16858e+45
4.95492e+16 1.16858e+45
4.95808e+16 1.16858e+45
4.96123e+16 1.16858e+45
4.96439e+16 1.16858e+45
4.96754e+16 1.16858e+45
4.9707e+16 1.16858e+45
4.97386e+16 1.16858e+45
4.97701e+16 1.16858e+45
4.98017e+16 1.16858e+45
4.98332e+16 1.16858e+45
4.98648e+16 1.16858e+45
4.98964e+16 1.16858e+45
4.99279e+16 1.16858e+45
4.99595e+16 1.16858e+45
4.9991e+16 1.16858e+45
5.00226e+16 1.16858e+45
5.00542e+16 1.16858e+45
5.00857e+16 1.16858e+45
5.01173e+16 1.16858e+45
5.01488e+16 1.16858e+45
5.01804e+16 1.16858e+45
5.0212e+16 1.16858e+45
5.02435e+16 1.16858e+45
5.02751e+16 1.16858e+45
5.03066e+16 1.16858e+45
5.03382e+16 1.16858e+45
5.03698e+16 1.16858e+45
5.04013e+16 1.16858e+45
5.04329e+16 1.16858e+45
5.04644e+16 1.16858e+45
5.0496e+16 1.16858e+45
5.05276e+16 1.16858e+45
5.05591e+16 1.16858e+45
5.05907e+16 1.16858e+45
5.06222e+16 1.16858e+45
5.06538e+16 1.16858e+45
5.06854e+16 1.16858e+45
5.07169e+16 1.16858e+45
5.07485e+16 1.16858e+45
5.078e+16 1.16858e+45
5.08116e+16 1.16858e+45
5.08432e+16 1.16858e+45
5.08747e+16 1.16858e+45
5.09063e+16 1.16858e+45
5.09378e+16 1.16858e+45
5.09694e+16 1.16858e+45
5.1001e+16 1.16858e+45
5.10325e+16 1.16858e+45
5.10641e+16 1.16858e+45
5.10956e+16 1.16858e+45
5.11272e+16 1.16858e+45
5.11588e+16 1.16858e+45
5.11903e+16 1.16858e+45
5.12219e+16 1.16858e+45
5.12534e+16 1.16858e+45
5.1285e+16 1.16858e+45
5.13166e+16 1.16858e+45
5.13481e+16 1.16858e+45
5.13797e+16 1.16858e+45
5.14112e+16 1.16858e+45
5.14428e+16 1.16858e+45
5.14744e+16 1.16858e+45
5.15059e+16 1.16858e+45
5.15375e+16 1.16858e+45
5.1569e+16 1.16858e+45
5.16006e+16 1.16858e+45
5.16322e+16 1.16858e+45
5.16637e+16 1.16858e+45
5.16953e+16 1.16858e+45
5.17268e+16 1.16858e+45
5.17584e+16 1.16858e+45
5.179e+16 1.16858e+45
5.18215e+16 1.16858e+45
5.18531e+16 1.16858e+45
5.18846e+16 1.16858e+45
5.19162e+16 1.16858e+45
5.19478e+16 1.16858e+45
5.19793e+16 1.16858e+45
5.20109e+16 1.16858e+45
5.20424e+16 1.16858e+45
5.2074e+16 1.16858e+45
5.21056e+16 1.16858e+45
5.21371e+16 1.16858e+45
5.21687e+16 1.16858e+45
5.22002e+16 1.16858e+45
5.22318e+16 1.16858e+45
5.22634e+16 1.16858e+45
5.22949e+16 1.16858e+45
5.23265e+16 1.16858e+45
5.2358e+16 1.16858e+45
5.23896e+16 1.16858e+45
5.24212e+16 1.16858e+45
5.24527e+16 1.16858e+45
5.24843e+16 1.16858e+45
5.25158e+16 1.16858e+45
5.25474e+16 1.16858e+45
5.2579e+16 1.16858e+45
5.26105e+16 1.16858e+45
5.26421e+16 1.16858e+45
5.26736e+16 1.16858e+45
5.27052e+16 1.16858e+45
5.27368e+16 1.16858e+45
5.27683e+16 1.16858e+45
5.27999e+16 1.16858e+45
5.28314e+16 1.16858e+45
5.2863e+16 1.16858e+45
5.28946e+16 1.16858e+45
5.29261e+16 1.16858e+45
5.29577e+16 1.16858e+45
5.29892e+16 1.16858e+45
5.30208e+16 1.16858e+45
5.30524e+16 1.16858e+45
5.30839e+16 1.16858e+45
5.31155e+16 1.16858e+45
5.3147e+16 1.16858e+45
5.31786e+16 1.16858e+45
5.32102e+16 1.16858e+45
5.32417e+16 1.16858e+45
5.32733e+16 1.16858e+45
5.33048e+16 1.16858e+45
5.33364e+16 1.16858e+45
5.3368e+16 1.16858e+45
5.33995e+16 1.16858e+45
5.34311e+16 1.16858e+45
5.34626e+16 1.16858e+45
5.34942e+16 1.16858e+45
5.35258e+16 1.16858e+45
5.35573e+16 1.16858e+45
5.35889e+16 1.16858e+45
5.36204e+16 1.16858e+45
5.3652e+16 1.16858e+45
5.36836e+16 1.16858e+45
5.37151e+16 1.16858e+45
5.37467e+16 1.16858e+45
5.37782e+16 1.16858e+45
5.38098e+16 1.16858e+45
5.38414e+16 1.16858e+45
5.38729e+16 1.16858e+45
5.39045e+16 1.16858e+45
5.3936e+16 1.16858e+45
5.39676e+16 1.16858e+45
5.39992e+16 1.16858e+45
5.40307e+16 1.16858e+45
5.40623e+16 1.16858e+45
5.40938e+16 1.16858e+45
5.41254e+16 1.16858e+45
5.4157e+16 1.16858e+45
5.41885e+16 1.16858e+45
5.42201e+16 1.16858e+45
5.42516e+16 1.16858e+45
5.42832e+16 1.16858e+45
5.43148e+16 1.16858e+45
5.43463e+16 1.16858e+45
5.43779e+16 1.16858e+45
5.44094e+16 1.16858e+45
5.4441e+16 1.16858e+45
5.44726e+16 1.16858e+45
5.45041e+16 1.16858e+45
5.45357e+16 1.16858e+45
5.45672e+16 1.16858e+45
5.45988e+16 1.16858e+45
5.46304e+16 1.16858e+45
5.46619e+16 1.16858e+45
5.46935e+16 1.16858e+45
5.4725e+16 1.16858e+45
5.47566e+16 1.16858e+45
5.47882e+16 1.16858e+45
5.48197e+16 1.16858e+45
5.48513e+16 1.16858e+45
5.48828e+16 1.16858e+45
5.49144e+16 1.16858e+45
5.4946e+16 1.16858e+45
5.49775e+16 1.16858e+45
5.50091e+16 1.16858e+45
5.50406e+16 1.16858e+45
5.50722e+16 1.16858e+45
5.51038e+16 1.16858e+45
5.51353e+16 1.16858e+45
5.51669e+16 1.16858e+45
5.51984e+16 1.16858e+45
5.523e+16 1.16858e+45
5.52616e+16 1.16858e+45
5.52931e+16 1.16858e+45
5.53247e+16 1.16858e+45
5.53562e+16 1.16858e+45
5.53878e+16 1.16858e+45
5.54194e+16 1.16858e+45
5.54509e+16 1.16858e+45
5.54825e+16 1.16858e+45
5.5514e+16 1.16858e+45
5.55456e+16 1.16858e+45
5.55772e+16 1.16858e+45
5.56087e+16 1.16858e+45
5.56403e+16 1.16858e+45
5.56718e+16 1.16858e+45
5.57034e+16 1.16858e+45
5.5735e+16 1.16858e+45
5.57665e+16 1.16858e+45
5.57981e+16 1.16858e+45
5.58296e+16 1.16858e+45
5.58612e+16 1.16858e+45
5.58928e+16 1.16858e+45
5.59243e+16 1.16858e+45
5.59559e+16 1.16858e+45
5.59874e+16 1.16858e+45
5.6019e+16 1.16858e+45
5.60506e+16 1.16858e+45
5.60821e+16 1.16858e+45
5.61137e+16 1.16858e+45
5.61452e+16 1.16858e+45
5.61768e+16 1.16858e+45
5.62084e+16 1.16858e+45
5.62399e+16 1.16858e+45
5.62715e+16 1.16858e+45
5.6303e+16 1.16858e+45
5.63346e+16 1.16858e+45
5.63662e+16 1.16858e+45
5.63977e+16 1.16858e+45
5.64293e+16 1.16858e+45
5.64608e+16 1.16858e+45
5.64924e+16 1.16858e+45
5.6524e+16 1.16858e+45
5.65555e+16 1.16858e+45
5.65871e+16 1.16858e+45
5.66186e+16 1.16858e+45
5.66502e+16 1.16858e+45
5.66818e+16 1.16858e+45
5.67133e+16 1.16858e+45
5.67449e+16 1.16858e+45
5.67764e+16 1.16858e+45
5.6808e+16 1.16858e+45
5.68396e+16 1.16858e+45
5.68711e+16 1.16858e+45
5.69027e+16 1.16858e+45
5.69342e+16 1.16858e+45
5.69658e+16 1.16858e+45
5.69974e+16 1.16858e+45
5.70289e+16 1.16858e+45
5.70605e+16 1.16858e+45
5.7092e+16 1.16858e+45
5.71236e+16 1.16858e+45
5.71552e+16 1.16858e+45
5.71867e+16 1.16858e+45
5.72183e+16 1.16858e+45
5.72498e+16 1.16858e+45
5.72814e+16 1.16858e+45
5.7313e+16 1.16858e+45
5.73445e+16 1.16858e+45
5.73761e+16 1.16858e+45
5.74076e+16 1.16858e+45
5.74392e+16 1.16858e+45
5.74708e+16 1.16858e+45
5.75023e+16 1.16858e+45
5.75339e+16 1.16858e+45
5.75654e+16 1.16858e+45
5.7597e+16 1.16858e+45
5.76286e+16 1.16858e+45
5.76601e+16 1.16858e+45
5.76917e+16 1.16858e+45
5.77232e+16 1.16858e+45
5.77548e+16 1.16858e+45
5.77864e+16 1.16858e+45
5.78179e+16 1.16858e+45
5.78495e+16 1.16858e+45
5.7881e+16 1.16858e+45
5.79126e+16 1.16858e+45
5.79442e+16 1.16858e+45
5.79757e+16 1.16858e+45
5.80073e+16 1.16858e+45
5.80388e+16 1.16858e+45
5.80704e+16 1.16858e+45
5.8102e+16 1.16858e+45
5.81335e+16 1.16858e+45
5.81651e+16 1.16858e+45
5.81966e+16 1.16858e+45
5.82282e+16 1.16858e+45
5.82598e+16 1.16858e+45
5.82913e+16 1.16858e+45
5.83229e+16 1.16858e+45
5.83544e+16 1.16858e+45
5.8386e+16 1.16858e+45
5.84176e+16 1.16858e+45
5.84491e+16 1.16858e+45
5.84807e+16 1.16858e+45
5.85122e+16 1.16858e+45
5.85438e+16 1.16858e+45
5.85754e+16 1.16858e+45
5.86069e+16 1.16858e+45
5.86385e+16 1.16858e+45
5.867e+16 1.16858e+45
5.87016e+16 1.16858e+45
5.87332e+16 1.16858e+45
5.87647e+16 1.16858e+45
5.87963e+16 1.16858e+45
5.88278e+16 1.16858e+45
5.88594e+16 1.16858e+45
5.8891e+16 1.16858e+45
5.89225e+16 1.16858e+45
5.89541e+16 1.16858e+45
5.89856e+16 1.16858e+45
5.90172e+16 1.16858e+45
5.90488e+16 1.16858e+45
5.90803e+16 1.16858e+45
5.91119e+16 1.16858e+45
5.91434e+16 1.16858e+45
5.9175e+16 1.16858e+45
5.92066e+16 1.16858e+45
5.92381e+16 1.16858e+45
5.92697e+16 1.16858e+45
5.93012e+16 1.16858e+45
5.93328e+16 1.16858e+45
5.93644e+16 1.16858e+45
5.93959e+16 1.16858e+45
5.94275e+16 1.16858e+45
5.9459e+16 1.16858e+45
5.94906e+16 1.16858e+45
5.95222e+16 1.16858e+45
5.95537e+16 1.16858e+45
5.95853e+16 1.16858e+45
5.96168e+16 1.16858e+45
5.96484e+16 1.16858e+45
5.968e+16 1.16858e+45
5.97115e+16 1.16858e+45
5.97431e+16 1.16858e+45
5.97746e+16 1.16858e+45
5.98062e+16 1.16858e+45
5.98378e+16 1.16858e+45
5.98693e+16 1.16858e+45
5.99009e+16 1.16858e+45
5.99324e+16 1.16858e+45
5.9964e+16 1.16858e+45
5.99956e+16 1.16858e+45
6.00271e+16 1.16858e+45
6.00587e+16 1.16858e+45
6.00902e+16 1.16858e+45
6.01218e+16 1.16858e+45
6.01534e+16 1.16858e+45
6.01849e+16 1.16858e+45
6.02165e+16 1.16858e+45
6.0248e+16 1.16858e+45
6.02796e+16 1.16858e+45
6.03112e+16 1.16858e+45
6.03427e+16 1.16858e+45
6.03743e+16 1.16858e+45
6.04058e+16 1.16858e+45
6.04374e+16 1.16858e+45
6.0469e+16 1.16858e+45
6.05005e+16 1.16858e+45
6.05321e+16 1.16858e+45
6.05636e+16 1.16858e+45
6.05952e+16 1.16858e+45
6.06268e+16 1.16858e+45
6.06583e+16 1.16858e+45
6.06899e+16 1.16858e+45
6.07214e+16 1.16858e+45
6.0753e+16 1.16858e+45
6.07846e+16 1.16858e+45
6.08161e+16 1.16858e+45
6.08477e+16 1.16858e+45
6.08792e+16 1.16858e+45
6.09108e+16 1.16858e+45
6.09424e+16 1.16858e+45
6.09739e+16 1.16858e+45
6.10055e+16 1.16858e+45
6.1037e+16 1.16858e+45
6.10686e+16 1.16858e+45
6.11002e+16 1.16858e+45
6.11317e+16 1.16858e+45
6.11633e+16 1.16858e+45
6.11948e+16 1.16858e+45
6.12264e+16 1.16858e+45
6.1258e+16 1.16858e+45
6.12895e+16 1.16858e+45
6.13211e+16 1.16858e+45
6.13526e+16 1.16858e+45
6.13842e+16 1.16858e+45
6.14158e+16 1.16858e+45
6.14473e+16 1.16858e+45
6.14789e+16 1.16858e+45
6.15104e+16 1.16858e+45
6.1542e+16 1.16858e+45
6.15736e+16 1.16858e+45
6.16051e+16 1.16858e+45
6.16367e+16 1.16858e+45
6.16682e+16 1.16858e+45
6.16998e+16 1.16858e+45
6.17314e+16 1.16858e+45
6.17629e+16 1.16858e+45
6.17945e+16 1.16858e+45
6.1826e+16 1.16858e+45
6.18576e+16 1.16858e+45
6.18892e+16 1.16858e+45
6.19207e+16 1.16858e+45
6.19523e+16 1.16858e+45
6.19838e+16 1.16858e+45
6.20154e+16 1.16858e+45
6.2047e+16 1.16858e+45
6.20785e+16 1.16858e+45
6.21101e+16 1.16858e+45
6.21416e+16 1.16858e+45
6.21732e+16 1.16858e+45
6.22048e+16 1.16858e+45
6.22363e+16 1.16858e+45
6.22679e+16 1.16858e+45
6.22994e+16 1.16858e+45
6.2331e+16 1.16858e+45
6.23626e+16 1.16858e+45
6.23941e+16 1.16858e+45
6.24257e+16 1.16858e+45
6.24572e+16 1.16858e+45
6.24888e+16 1.16858e+45
6.25204e+16 1.16858e+45
6.25519e+16 1.16858e+45
6.25835e+16 1.16858e+45
6.2615e+16 1.16858e+45
6.26466e+16 1.16858e+45
6.26782e+16 1.16858e+45
6.27097e+16 1.16858e+45
6.27413e+16 1.16858e+45
6.27728e+16 1.16858e+45
6.28044e+16 1.16858e+45
6.2836e+16 1.16858e+45
6.28675e+16 1.16858e+45
6.28991e+16 1.16858e+45
6.29306e+16 1.16858e+45
6.29622e+16 1.16858e+45
6.29938e+16 1.16858e+45
6.30253e+16 1.16858e+45
6.30569e+16 1.16858e+45
6.30884e+16 1.16858e+45
6.312e+16 1.16858e+45
6.31516e+16 1.16858e+45
6.31831e+16 1.16858e+45
6.32147e+16 1.16858e+45
6.32462e+16 1.16858e+45
6.32778e+16 1.16858e+45
6.33094e+16 1.16858e+45
6.33409e+16 1.16858e+45
6.33725e+16 1.16858e+45
6.3404e+16 1.16858e+45
6.34356e+16 1.16858e+45
6.34672e+16 1.16858e+45
6.34987e+16 1.16858e+45
6.35303e+16 1.16858e+45
6.35618e+16 1.16858e+45
6.35934e+16 1.16858e+45
6.3625e+16 1.16858e+45
6.36565e+16 1.16858e+45
6.36881e+16 1.16858e+45
6.37196e+16 1.16858e+45
6.37512e+16 1.16858e+45
6.37828e+16 1.16858e+45
6.38143e+16 1.16858e+45
6.38459e+16 1.16858e+45
6.38774e+16 1.16858e+45
6.3909e+16 1.16858e+45
6.39406e+16 1.16858e+45
6.39721e+16 1.16858e+45
6.40037e+16 1.16858e+45
6.40352e+16 1.16858e+45
6.40668e+16 1.16858e+45
6.40984e+16 1.16858e+45
6.41299e+16 1.16858e+45
6.41615e+16 1.16858e+45
6.4193e+16 1.16858e+45
6.42246e+16 1.16858e+45
6.42562e+16 1.16858e+45
6.42877e+16 1.16858e+45
6.43193e+16 1.16858e+45
6.43508e+16 1.16858e+45
6.43824e+16 1.16858e+45
6.4414e+16 1.16858e+45
6.44455e+16 1.16858e+45
6.44771e+16 1.16858e+45
6.45086e+16 1.16858e+45
6.45402e+16 1.16858e+45
6.45718e+16 1.16858e+45
6.46033e+16 1.16858e+45
6.46349e+16 1.16858e+45
6.46664e+16 1.16858e+45
6.4698e+16 1.16858e+45
6.47296e+16 1.16858e+45
6.47611e+16 1.16858e+45
6.47927e+16 1.16858e+45
6.48242e+16 1.16858e+45
6.48558e+16 1.16858e+45
6.48874e+16 1.16858e+45
6.49189e+16 1.16858e+45
6.49505e+16 1.16858e+45
6.4982e+16 1.16858e+45
6.50136e+16 1.16858e+45
6.50452e+16 1.16858e+45
6.50767e+16 1.16858e+45
6.51083e+16 1.16858e+45
6.51398e+16 1.16858e+45
6.51714e+16 1.16858e+45
6.5203e+16 1.16858e+45
6.52345e+16 1.16858e+45
6.52661e+16 1.16858e+45
6.52976e+16 1.16858e+45
6.53292e+16 1.16858e+45
6.53608e+16 1.16858e+45
6.53923e+16 1.16858e+45
6.54239e+16 1.16858e+45
6.54554e+16 1.16858e+45
6.5487e+16 1.16858e+45
6.55186e+16 1.16858e+45
6.55501e+16 1.16858e+45
6.55817e+16 1.16858e+45
6.56132e+16 1.16858e+45
6.56448e+16 1.16858e+45
6.56764e+16 1.16858e+45
6.57079e+16 1.16858e+45
6.57395e+16 1.16858e+45
6.5771e+16 1.16858e+45
6.58026e+16 1.16858e+45
6.58342e+16 1.16858e+45
6.58657e+16 1.16858e+45
6.58973e+16 1.16858e+45
6.59288e+16 1.16858e+45
6.59604e+16 1.16858e+45
6.5992e+16 1.16858e+45
6.60235e+16 1.16858e+45
6.60551e+16 1.16858e+45
6.60866e+16 1.16858e+45
6.61182e+16 1.16858e+45
6.61498e+16 1.16858e+45
6.61813e+16 1.16858e+45
6.62129e+16 1.16858e+45
6.62444e+16 1.16858e+45
6.6276e+16 1.16858e+45
6.63076e+16 1.16858e+45
6.63391e+16 1.16858e+45
6.63707e+16 1.16858e+45
6.64022e+16 1.16858e+45
6.64338e+16 1.16858e+45
6.64654e+16 1.16858e+45
6.64969e+16 1.16858e+45
6.65285e+16 1.16858e+45
6.656e+16 1.16858e+45
6.65916e+16 1.16858e+45
6.66232e+16 1.16858e+45
6.66547e+16 1.16858e+45
6.66863e+16 1.16858e+45
6.67178e+16 1.16858e+45
6.67494e+16 1.16858e+45
6.6781e+16 1.16858e+45
6.68125e+16 1.16858e+45
6.68441e+16 1.16858e+45
6.68756e+16 1.16858e+45
6.69072e+16 1.16858e+45
6.69388e+16 1.16858e+45
6.69703e+16 1.16858e+45
6.70019e+16 1.16858e+45
6.70334e+16 1.16858e+45
6.7065e+16 1.16858e+45
6.70966e+16 1.16858e+45
6.71281e+16 1.16858e+45
6.71597e+16 1.16858e+45
6.71912e+16 1.16858e+45
6.72228e+16 1.16858e+45
6.72544e+16 1.16858e+45
6.72859e+16 1.16858e+45
6.73175e+16 1.16858e+45
6.7349e+16 1.16858e+45
6.73806e+16 1.16858e+45
6.74122e+16 1.16858e+45
6.74437e+16 1.16858e+45
6.74753e+16 1.16858e+45
6.75068e+16 1.16858e+45
6.75384e+16 1.16858e+45
6.757e+16 1.16858e+45
6.76015e+16 1.16858e+45
6.76331e+16 1.16858e+45
6.76646e+16 1.16858e+45
6.76962e+16 1.16858e+45
6.77278e+16 1.16858e+45
6.77593e+16 1.16858e+45
6.77909e+16 1.16858e+45
6.78224e+16 1.16858e+45
6.7854e+16 1.16858e+45
6.78856e+16 1.16858e+45
6.79171e+16 1.16858e+45
6.79487e+16 1.16858e+45
6.79802e+16 1.16858e+45
6.80118e+16 1.16858e+45
6.80434e+16 1.16858e+45
6.80749e+16 1.16858e+45
6.81065e+16 1.16858e+45
6.8138e+16 1.16858e+45
6.81696e+16 1.16858e+45
6.82012e+16 1.16858e+45
6.82327e+16 1.16858e+45
6.82643e+16 1.16858e+45
6.82958e+16 1.16858e+45
6.83274e+16 1.16858e+45
6.8359e+16 1.16858e+45
6.83905e+16 1.16858e+45
6.84221e+16 1.16858e+45
6.84536e+16 1.16858e+45
6.84852e+16 1.16858e+45
6.85168e+16 1.16858e+45
6.85483e+16 1.16858e+45
6.85799e+16 1.16858e+45
6.86114e+16 1.16858e+45
6.8643e+16 1.16858e+45
6.86746e+16 1.16858e+45
6.87061e+16 1.16858e+45
6.87377e+16 1.16858e+45
6.87692e+16 1.16858e+45
6.88008e+16 1.16858e+45
6.88324e+16 1.16858e+45
6.88639e+16 1.16858e+45
6.88955e+16 1.16858e+45
6.8927e+16 1.16858e+45
6.89586e+16 1.16858e+45
6.89902e+16 1.16858e+45
6.90217e+16 1.16858e+45
6.90533e+16 1.16858e+45
6.90848e+16 1.16858e+45
6.91164e+16 1.16858e+45
6.9148e+16 1.16858e+45
6.91795e+16 1.16858e+45
6.92111e+16 1.16858e+45
6.92426e+16 1.16858e+45
6.92742e+16 1.16858e+45
6.93058e+16 1.16858e+45
6.93373e+16 1.16858e+45
6.93689e+16 1.16858e+45
6.94004e+16 1.16858e+45
6.9432e+16 1.16858e+45
6.94636e+16 1.16858e+45
6.94951e+16 1.16858e+45
6.95267e+16 1.16858e+45
6.95582e+16 1.16858e+45
6.95898e+16 1.16858e+45
6.96214e+16 1.16858e+45
6.96529e+16 1.16858e+45
6.96845e+16 1.16858e+45
6.9716e+16 1.16858e+45
6.97476e+16 1.16858e+45
6.97792e+16 1.16858e+45
6.98107e+16 1.16858e+45
6.98423e+16 1.16858e+45
6.98738e+16 1.16858e+45
6.99054e+16 1.16858e+45
6.9937e+16 1.16858e+45
6.99685e+16 1.16858e+45
7.00001e+16 1.16858e+45
7.00316e+16 1.16858e+45
7.00632e+16 1.16858e+45
7.00948e+16 1.16858e+45
7.01263e+16 1.16858e+45
7.01579e+16 1.16858e+45
7.01894e+16 1.16858e+45
7.0221e+16 1.16858e+45
7.02526e+16 1.16858e+45
7.02841e+16 1.16858e+45
7.03157e+16 1.16858e+45
7.03472e+16 1.16858e+45
7.03788e+16 1.16858e+45
7.04104e+16 1.16858e+45
7.04419e+16 1.16858e+45
7.04735e+16 1.16858e+45
7.0505e+16 1.16858e+45
7.05366e+16 1.16858e+45
7.05682e+16 1.16858e+45
7.05997e+16 1.16858e+45
7.06313e+16 1.16858e+45
7.06628e+16 1.16858e+45
7.06944e+16 1.16858e+45
7.0726e+16 1.16858e+45
7.07575e+16 1.16858e+45
7.07891e+16 1.16858e+45
7.08206e+16 1.16858e+45
7.08522e+16 1.16858e+45
7.08838e+16 1.16858e+45
7.09153e+16 1.16858e+45
7.09469e+16 1.16858e+45
7.09784e+16 1.16858e+45
7.101e+16 1.16858e+45
7.10416e+16 1.16858e+45
7.10731e+16 1.16858e+45
7.11047e+16 1.16858e+45
7.11362e+16 1.16858e+45
7.11678e+16 1.16858e+45
7.11994e+16 1.16858e+45
7.12309e+16 1.16858e+45
7.12625e+16 1.16858e+45
7.1294e+16 1.16858e+45
7.13256e+16 1.16858e+45
7.13572e+16 1.16858e+45
7.13887e+16 1.16858e+45
7.14203e+16 1.16858e+45
7.14518e+16 1.16858e+45
7.14834e+16 1.16858e+45
7.1515e+16 1.16858e+45
7.15465e+16 1.16858e+45
7.15781e+16 1.16858e+45
7.16096e+16 1.16858e+45
7.16412e+16 1.16858e+45
7.16728e+16 1.16858e+45
7.17043e+16 1.16858e+45
7.17359e+16 1.16858e+45
7.17674e+16 1.16858e+45
7.1799e+16 1.16858e+45
7.18306e+16 1.16858e+45
7.18621e+16 1.16858e+45
7.18937e+16 1.16858e+45
7.19252e+16 1.16858e+45
7.19568e+16 1.16858e+45
7.19884e+16 1.16858e+45
7.20199e+16 1.16858e+45
7.20515e+16 1.16858e+45
7.2083e+16 1.16858e+45
7.21146e+16 1.16858e+45
7.21462e+16 1.16858e+45
7.21777e+16 1.16858e+45
7.22093e+16 1.16858e+45
7.22408e+16 1.16858e+45
7.22724e+16 1.16858e+45
7.2304e+16 1.16858e+45
7.23355e+16 1.16858e+45
7.23671e+16 1.16858e+45
7.23986e+16 1.16858e+45
7.24302e+16 1.16858e+45
7.24618e+16 1.16858e+45
7.24933e+16 1.16858e+45
7.25249e+16 1.16858e+45
7.25564e+16 1.16858e+45
7.2588e+16 1.16858e+45
7.26196e+16 1.16858e+45
7.26511e+16 1.16858e+45
7.26827e+16 1.16858e+45
7.27142e+16 1.16858e+45
7.27458e+16 1.16858e+45
7.27774e+16 1.16858e+45
7.28089e+16 1.16858e+45
7.28405e+16 1.16858e+45
7.2872e+16 1.16858e+45
7.29036e+16 1.16858e+45
7.29352e+16 1.16858e+45
7.29667e+16 1.16858e+45
7.29983e+16 1.16858e+45
7.30298e+16 1.16858e+45
7.30614e+16 1.16858e+45
7.3093e+16 1.16858e+45
7.31245e+16 1.16858e+45
7.31561e+16 1.16858e+45
7.31876e+16 1.16858e+45
7.32192e+16 1.16858e+45
7.32508e+16 1.16858e+45
7.32823e+16 1.16858e+45
7.33139e+16 1.16858e+45
7.33454e+16 1.16858e+45
7.3377e+16 1.16858e+45
7.34086e+16 1.16858e+45
7.34401e+16 1.16858e+45
7.34717e+16 1.16858e+45
7.35032e+16 1.16858e+45
7.35348e+16 1.16858e+45
7.35664e+16 1.16858e+45
7.35979e+16 1.16858e+45
7.36295e+16 1.16858e+45
7.3661e+16 1.16858e+45
7.36926e+16 1.16858e+45
7.37242e+16 1.16858e+45
7.37557e+16 1.16858e+45
7.37873e+16 1.16858e+45
7.38188e+16 1.16858e+45
7.38504e+16 1.16858e+45
7.3882e+16 1.16858e+45
7.39135e+16 1.16858e+45
7.39451e+16 1.16858e+45
7.39766e+16 1.16858e+45
7.40082e+16 1.16858e+45
7.40398e+16 1.16858e+45
7.40713e+16 1.16858e+45
7.41029e+16 1.16858e+45
7.41344e+16 1.16858e+45
7.4166e+16 1.16858e+45
7.41976e+16 1.16858e+45
7.42291e+16 1.16858e+45
7.42607e+16 1.16858e+45
7.42922e+16 1.16858e+45
7.43238e+16 1.16858e+45
7.43554e+16 1.16858e+45
7.43869e+16 1.16858e+45
7.44185e+16 1.16858e+45
7.445e+16 1.16858e+45
7.44816e+16 1.16858e+45
7.45132e+16 1.16858e+45
7.45447e+16 1.16858e+45
7.45763e+16 1.16858e+45
7.46078e+16 1.16858e+45
7.46394e+16 1.16858e+45
7.4671e+16 1.16858e+45
7.47025e+16 1.16858e+45
7.47341e+16 1.16858e+45
7.47656e+16 1.16858e+45
7.47972e+16 1.16858e+45
7.48288e+16 1.16858e+45
7.48603e+16 1.16858e+45
7.48919e+16 1.16858e+45
7.49234e+16 1.16858e+45
7.4955e+16 1.16858e+45
7.49866e+16 1.16858e+45
7.50181e+16 1.16858e+45
7.50497e+16 1.16858e+45
7.50812e+16 1.16858e+45
7.51128e+16 1.16858e+45
7.51444e+16 1.16858e+45
7.51759e+16 1.16858e+45
7.52075e+16 1.16858e+45
7.5239e+16 1.16858e+45
7.52706e+16 1.16858e+45
7.53022e+16 1.16858e+45
7.53337e+16 1.16858e+45
7.53653e+16 1.16858e+45
7.53968e+16 1.16858e+45
7.54284e+16 1.16858e+45
7.546e+16 1.16858e+45
7.54915e+16 1.16858e+45
7.55231e+16 1.16858e+45
7.55546e+16 1.16858e+45
7.55862e+16 1.16858e+45
7.56178e+16 1.16858e+45
7.56493e+16 1.16858e+45
7.56809e+16 1.16858e+45
7.57124e+16 1.16858e+45
7.5744e+16 1.16858e+45
7.57756e+16 1.16858e+45
7.58071e+16 1.16858e+45
7.58387e+16 1.16858e+45
7.58702e+16 1.16858e+45
7.59018e+16 1.16858e+45
7.59334e+16 1.16858e+45
7.59649e+16 1.16858e+45
7.59965e+16 1.16858e+45
7.6028e+16 1.16858e+45
7.60596e+16 1.16858e+45
7.60912e+16 1.16858e+45
7.61227e+16 1.16858e+45
7.61543e+16 1.16858e+45
7.61858e+16 1.16858e+45
7.62174e+16 1.16858e+45
7.6249e+16 1.16858e+45
7.62805e+16 1.16858e+45
7.63121e+16 1.16858e+45
7.63436e+16 1.16858e+45
7.63752e+16 1.16858e+45
7.64068e+16 1.16858e+45
7.64383e+16 1.16858e+45
7.64699e+16 1.16858e+45
7.65014e+16 1.16858e+45
7.6533e+16 1.16858e+45
7.65646e+16 1.16858e+45
7.65961e+16 1.16858e+45
7.66277e+16 1.16858e+45
7.66592e+16 1.16858e+45
7.66908e+16 1.16858e+45
7.67224e+16 1.16858e+45
7.67539e+16 1.16858e+45
7.67855e+16 1.16858e+45
7.6817e+16 1.16858e+45
7.68486e+16 1.16858e+45
7.68802e+16 1.16858e+45
7.69117e+16 1.16858e+45
7.69433e+16 1.16858e+45
7.69748e+16 1.16858e+45
7.70064e+16 1.16858e+45
7.7038e+16 1.16858e+45
7.70695e+16 1.16858e+45
7.71011e+16 1.16858e+45
7.71326e+16 1.16858e+45
7.71642e+16 1.16858e+45
7.71958e+16 1.16858e+45
7.72273e+16 1.16858e+45
7.72589e+16 1.16858e+45
7.72904e+16 1.16858e+45
7.7322e+16 1.16858e+45
7.73536e+16 1.16858e+45
7.73851e+16 1.16858e+45
7.74167e+16 1.16858e+45
7.74482e+16 1.16858e+45
7.74798e+16 1.16858e+45
7.75114e+16 1.16858e+45
7.75429e+16 1.16858e+45
7.75745e+16 1.16858e+45
7.7606e+16 1.16858e+45
7.76376e+16 1.16858e+45
7.76692e+16 1.16858e+45
7.77007e+16 1.16858e+45
7.77323e+16 1.16858e+45
7.77638e+16 1.16858e+45
7.77954e+16 1.16858e+45
7.7827e+16 1.16858e+45
7.78585e+16 1.16858e+45
7.78901e+16 1.16858e+45
7.79216e+16 1.16858e+45
7.79532e+16 1.16858e+45
7.79848e+16 1.16858e+45
7.80163e+16 1.16858e+45
7.80479e+16 1.16858e+45
7.80794e+16 1.16858e+45
7.8111e+16 1.16858e+45
7.81426e+16 1.16858e+45
7.81741e+16 1.16858e+45
7.82057e+16 1.16858e+45
7.82372e+16 1.16858e+45
7.82688e+16 1.16858e+45
7.83004e+16 1.16858e+45
7.83319e+16 1.16858e+45
7.83635e+16 1.16858e+45
7.8395e+16 1.16858e+45
7.84266e+16 1.16858e+45
7.84582e+16 1.16858e+45
7.84897e+16 1.16858e+45
7.85213e+16 1.16858e+45
7.85528e+16 1.16858e+45
7.85844e+16 1.16858e+45
7.8616e+16 1.16858e+45
7.86475e+16 1.16858e+45
7.86791e+16 1.16858e+45
7.87106e+16 1.16858e+45
7.87422e+16 1.16858e+45
7.87738e+16 1.16858e+45
7.88053e+16 1.16858e+45
7.88369e+16 1.16858e+45
7.88684e+16 1.16858e+45
7.89e+16 1.16858e+45
7.89316e+16 1.16858e+45
7.89631e+16 1.16858e+45
7.89947e+16 1.16858e+45
7.90262e+16 1.16858e+45
7.90578e+16 1.16858e+45
7.90894e+16 1.16858e+45
7.91209e+16 1.16858e+45
7.91525e+16 1.16858e+45
7.9184e+16 1.16858e+45
7.92156e+16 1.16858e+45
7.92472e+16 1.16858e+45
7.92787e+16 1.16858e+45
7.93103e+16 1.16858e+45
7.93418e+16 1.16858e+45
7.93734e+16 1.16858e+45
7.9405e+16 1.16858e+45
7.94365e+16 1.16858e+45
7.94681e+16 1.16858e+45
7.94996e+16 1.16858e+45
7.95312e+16 1.16858e+45
7.95628e+16 1.16858e+45
7.95943e+16 1.16858e+45
7.96259e+16 1.16858e+45
7.96574e+16 1.16858e+45
7.9689e+16 1.16858e+45
7.97206e+16 1.16858e+45
7.97521e+16 1.16858e+45
7.97837e+16 1.16858e+45
7.98152e+16 1.16858e+45
7.98468e+16 1.16858e+45
7.98784e+16 1.16858e+45
7.99099e+16 1.16858e+45
7.99415e+16 1.16858e+45
7.9973e+16 1.16858e+45
8.00046e+16 1.16858e+45
8.00362e+16 1.16858e+45
8.00677e+16 1.16858e+45
8.00993e+16 1.16858e+45
8.01308e+16 1.16858e+45
8.01624e+16 1.16858e+45
8.0194e+16 1.16858e+45
8.02255e+16 1.16858e+45
8.02571e+16 1.16858e+45
8.02886e+16 1.16858e+45
8.03202e+16 1.16858e+45
8.03518e+16 1.16858e+45
8.03833e+16 1.16858e+45
8.04149e+16 1.16858e+45
8.04464e+16 1.16858e+45
8.0478e+16 1.16858e+45
8.05096e+16 1.16858e+45
8.05411e+16 1.16858e+45
8.05727e+16 1.16858e+45
8.06042e+16 1.16858e+45
8.06358e+16 1.16858e+45
8.06674e+16 1.16858e+45
8.06989e+16 1.16858e+45
8.07305e+16 1.16858e+45
8.0762e+16 1.16858e+45
8.07936e+16 1.16858e+45
8.08252e+16 1.16858e+45
8.08567e+16 1.16858e+45
8.08883e+16 1.16858e+45
8.09198e+16 1.16858e+45
8.09514e+16 1.16858e+45
8.0983e+16 1.16858e+45
8.10145e+16 1.16858e+45
8.10461e+16 1.16858e+45
8.10776e+16 1.16858e+45
8.11092e+16 1.16858e+45
8.11408e+16 1.16858e+45
8.11723e+16 1.16858e+45
8.12039e+16 1.16858e+45
8.12354e+16 1.16858e+45
8.1267e+16 1.16858e+45
8.12986e+16 1.16858e+45
8.13301e+16 1.16858e+45
8.13617e+16 1.16858e+45
8.13932e+16 1.16858e+45
8.14248e+16 1.16858e+45
8.14564e+16 1.16858e+45
8.14879e+16 1.16858e+45
8.15195e+16 1.16858e+45
8.1551e+16 1.16858e+45
8.15826e+16 1.16858e+45
8.16142e+16 1.16858e+45
8.16457e+16 1.16858e+45
8.16773e+16 1.16858e+45
8.17088e+16 1.16858e+45
8.17404e+16 1.16858e+45
8.1772e+16 1.16858e+45
8.18035e+16 1.16858e+45
8.18351e+16 1.16858e+45
8.18666e+16 1.16858e+45
8.18982e+16 1.16858e+45
8.19298e+16 1.16858e+45
8.19613e+16 1.16858e+45
8.19929e+16 1.16858e+45
8.20244e+16 1.16858e+45
8.2056e+16 1.16858e+45
8.20876e+16 1.16858e+45
8.21191e+16 1.16858e+45
8.21507e+16 1.16858e+45
8.21822e+16 1.16858e+45
8.22138e+16 1.16858e+45
8.22454e+16 1.16858e+45
8.22769e+16 1.16858e+45
8.23085e+16 1.16858e+45
8.234e+16 1.16858e+45
8.23716e+16 1.16858e+45
8.24032e+16 1.16858e+45
8.24347e+16 1.16858e+45
8.24663e+16 1.16858e+45
8.24978e+16 1.16858e+45
8.25294e+16 1.16858e+45
8.2561e+16 1.16858e+45
8.25925e+16 1.16858e+45
8.26241e+16 1.16858e+45
8.26556e+16 1.16858e+45
8.26872e+16 1.16858e+45
8.27188e+16 1.16858e+45
8.27503e+16 1.16858e+45
8.27819e+16 1.16858e+45
8.28134e+16 1.16858e+45
8.2845e+16 1.16858e+45
8.28766e+16 1.16858e+45
8.29081e+16 1.16858e+45
8.29397e+16 1.16858e+45
8.29712e+16 1.16858e+45
8.30028e+16 1.16858e+45
8.30344e+16 1.16858e+45
8.30659e+16 1.16858e+45
8.30975e+16 1.16858e+45
8.3129e+16 1.16858e+45
8.31606e+16 1.16858e+45
8.31922e+16 1.16858e+45
8.32237e+16 1.16858e+45
8.32553e+16 1.16858e+45
8.32868e+16 1.16858e+45
8.33184e+16 1.16858e+45
8.335e+16 1.16858e+45
8.33815e+16 1.16858e+45
8.34131e+16 1.16858e+45
8.34446e+16 1.16858e+45
8.34762e+16 1.16858e+45
8.35078e+16 1.16858e+45
8.35393e+16 1.16858e+45
8.35709e+16 1.16858e+45
8.36024e+16 1.16858e+45
8.3634e+16 1.16858e+45
8.36656e+16 1.16858e+45
8.36971e+16 1.16858e+45
8.37287e+16 1.16858e+45
8.37602e+16 1.16858e+45
8.37918e+16 1.16858e+45
8.38234e+16 1.16858e+45
8.38549e+16 1.16858e+45
8.38865e+16 1.16858e+45
8.3918e+16 1.16858e+45
8.39496e+16 1.16858e+45
8.39812e+16 1.16858e+45
8.40127e+16 1.16858e+45
8.40443e+16 1.16858e+45
8.40758e+16 1.16858e+45
8.41074e+16 1.16858e+45
8.4139e+16 1.16858e+45
8.41705e+16 1.16858e+45
8.42021e+16 1.16858e+45
8.42336e+16 1.16858e+45
8.42652e+16 1.16858e+45
8.42968e+16 1.16858e+45
8.43283e+16 1.16858e+45
8.43599e+16 1.16858e+45
8.43914e+16 1.16858e+45
8.4423e+16 1.16858e+45
8.44546e+16 1.16858e+45
8.44861e+16 1.16858e+45
8.45177e+16 1.16858e+45
8.45492e+16 1.16858e+45
8.45808e+16 1.16858e+45
8.46124e+16 1.16858e+45
8.46439e+16 1.16858e+45
8.46755e+16 1.16858e+45
8.4707e+16 1.16858e+45
8.47386e+16 1.16858e+45
8.47702e+16 1.16858e+45
8.48017e+16 1.16858e+45
8.48333e+16 1.16858e+45
8.48648e+16 1.16858e+45
8.48964e+16 1.16858e+45
8.4928e+16 1.16858e+45
8.49595e+16 1.16858e+45
8.49911e+16 1.16858e+45
8.50226e+16 1.16858e+45
8.50542e+16 1.16858e+45
8.50858e+16 1.16858e+45
8.51173e+16 1.16858e+45
8.51489e+16 1.16858e+45
8.51804e+16 1.16858e+45
8.5212e+16 1.16858e+45
8.52436e+16 1.16858e+45
8.52751e+16 1.16858e+45
8.53067e+16 1.16858e+45
8.53382e+16 1.16858e+45
8.53698e+16 1.16858e+45
8.54014e+16 1.16858e+45
8.54329e+16 1.16858e+45
8.54645e+16 1.16858e+45
8.5496e+16 1.16858e+45
8.55276e+16 1.16858e+45
8.55592e+16 1.16858e+45
8.55907e+16 1.16858e+45
8.56223e+16 1.16858e+45
8.56538e+16 1.16858e+45
8.56854e+16 1.16858e+45
8.5717e+16 1.16858e+45
8.57485e+16 1.16858e+45
8.57801e+16 1.16858e+45
8.58116e+16 1.16858e+45
8.58432e+16 1.16858e+45
8.58748e+16 1.16858e+45
8.59063e+16 1.16858e+45
8.59379e+16 1.16858e+45
8.59694e+16 1.16858e+45
8.6001e+16 1.16858e+45
8.60326e+16 1.16858e+45
8.60641e+16 1.16858e+45
8.60957e+16 1.16858e+45
8.61272e+16 1.16858e+45
8.61588e+16 1.16858e+45
8.61904e+16 1.16858e+45
8.62219e+16 1.16858e+45
8.62535e+16 1.16858e+45
8.6285e+16 1.16858e+45
8.63166e+16 1.16858e+45
8.63482e+16 1.16858e+45
8.63797e+16 1.16858e+45
8.64113e+16 1.16858e+45
8.64428e+16 1.16858e+45
8.64744e+16 1.16858e+45
8.6506e+16 1.16858e+45
8.65375e+16 1.16858e+45
8.65691e+16 1.16858e+45
8.66006e+16 1.16858e+45
8.66322e+16 1.16858e+45
8.66638e+16 1.16858e+45
8.66953e+16 1.16858e+45
8.67269e+16 1.16858e+45
8.67584e+16 1.16858e+45
8.679e+16 1.16858e+45
8.68216e+16 1.16858e+45
8.68531e+16 1.16858e+45
8.68847e+16 1.16858e+45
8.69162e+16 1.16858e+45
8.69478e+16 1.16858e+45
8.69794e+16 1.16858e+45
8.70109e+16 1.16858e+45
8.70425e+16 1.16858e+45
8.7074e+16 1.16858e+45
8.71056e+16 1.16858e+45
8.71372e+16 1.16858e+45
8.71687e+16 1.16858e+45
8.72003e+16 1.16858e+45
8.72318e+16 1.16858e+45
8.72634e+16 1.16858e+45
8.7295e+16 1.16858e+45
8.73265e+16 1.16858e+45
8.73581e+16 1.16858e+45
8.73896e+16 1.16858e+45
8.74212e+16 1.16858e+45
8.74528e+16 1.16858e+45
8.74843e+16 1.16858e+45
8.75159e+16 1.16858e+45
8.75474e+16 1.16858e+45
8.7579e+16 1.16858e+45
8.76106e+16 1.16858e+45
8.76421e+16 1.16858e+45
8.76737e+16 1.16858e+45
8.77052e+16 1.16858e+45
8.77368e+16 1.16858e+45
8.77684e+16 1.16858e+45
8.77999e+16 1.16858e+45
8.78315e+16 1.16858e+45
8.7863e+16 1.16858e+45
8.78946e+16 1.16858e+45
8.79262e+16 1.16858e+45
8.79577e+16 1.16858e+45
8.79893e+16 1.16858e+45
8.80208e+16 1.16858e+45
8.80524e+16 1.16858e+45
8.8084e+16 1.16858e+45
8.81155e+16 1.16858e+45
8.81471e+16 1.16858e+45
8.81786e+16 1.16858e+45
8.82102e+16 1.16858e+45
8.82418e+16 1.16858e+45
8.82733e+16 1.16858e+45
8.83049e+16 1.16858e+45
8.83364e+16 1.16858e+45
8.8368e+16 1.16858e+45
8.83996e+16 1.16858e+45
8.84311e+16 1.16858e+45
8.84627e+16 1.16858e+45
8.84942e+16 1.16858e+45
8.85258e+16 1.16858e+45
8.85574e+16 1.16858e+45
8.85889e+16 1.16858e+45
8.86205e+16 1.16858e+45
8.8652e+16 1.16858e+45
8.86836e+16 1.16858e+45
8.87152e+16 1.16858e+45
8.87467e+16 1.16858e+45
8.87783e+16 1.16858e+45
8.88098e+16 1.16858e+45
8.88414e+16 1.16858e+45
8.8873e+16 1.16858e+45
8.89045e+16 1.16858e+45
8.89361e+16 1.16858e+45
8.89676e+16 1.16858e+45
8.89992e+16 1.16858e+45
8.90308e+16 1.16858e+45
8.90623e+16 1.16858e+45
8.90939e+16 1.16858e+45
8.91254e+16 1.16858e+45
8.9157e+16 1.16858e+45
8.91886e+16 1.16858e+45
8.92201e+16 1.16858e+45
8.92517e+16 1.16858e+45
8.92832e+16 1.16858e+45
8.93148e+16 1.16858e+45
8.93464e+16 1.16858e+45
8.93779e+16 1.16858e+45
8.94095e+16 1.16858e+45
8.9441e+16 1.16858e+45
8.94726e+16 1.16858e+45
8.95042e+16 1.16858e+45
8.95357e+16 1.16858e+45
8.95673e+16 1.16858e+45
8.95988e+16 1.16858e+45
8.96304e+16 1.16858e+45
8.9662e+16 1.16858e+45
8.96935e+16 1.16858e+45
8.97251e+16 1.16858e+45
8.97566e+16 1.16858e+45
8.97882e+16 1.16858e+45
8.98198e+16 1.16858e+45
8.98513e+16 1.16858e+45
8.98829e+16 1.16858e+45
8.99144e+16 1.16858e+45
8.9946e+16 1.16858e+45
8.99776e+16 1.16858e+45
9.00091e+16 1.16858e+45
9.00407e+16 1.16858e+45
9.00722e+16 1.16858e+45
9.01038e+16 1.16858e+45
9.01354e+16 1.16858e+45
9.01669e+16 1.16858e+45
9.01985e+16 1.16858e+45
9.023e+16 1.16858e+45
9.02616e+16 1.16858e+45
9.02932e+16 1.16858e+45
9.03247e+16 1.16858e+45
9.03563e+16 1.16858e+45
9.03878e+16 1.16858e+45
9.04194e+16 1.16858e+45
9.0451e+16 1.16858e+45
9.04825e+16 1.16858e+45
9.05141e+16 1.16858e+45
9.05456e+16 1.16858e+45
9.05772e+16 1.16858e+45
9.06088e+16 1.16858e+45
9.06403e+16 1.16858e+45
9.06719e+16 1.16858e+45
9.07034e+16 1.16858e+45
9.0735e+16 1.16858e+45
9.07666e+16 1.16858e+45
9.07981e+16 1.16858e+45
9.08297e+16 1.16858e+45
9.08612e+16 1.16858e+45
9.08928e+16 1.16858e+45
9.09244e+16 1.16858e+45
9.09559e+16 1.16858e+45
9.09875e+16 1.16858e+45
9.1019e+16 1.16858e+45
9.10506e+16 1.16858e+45
9.10822e+16 1.16858e+45
9.11137e+16 1.16858e+45
9.11453e+16 1.16858e+45
9.11768e+16 1.16858e+45
9.12084e+16 1.16858e+45
9.124e+16 1.16858e+45
9.12715e+16 1.16858e+45
9.13031e+16 1.16858e+45
9.13346e+16 1.16858e+45
9.13662e+16 1.16858e+45
9.13978e+16 1.16858e+45
9.14293e+16 1.16858e+45
9.14609e+16 1.16858e+45
9.14924e+16 1.16858e+45
9.1524e+16 1.16858e+45
9.15556e+16 1.16858e+45
9.15871e+16 1.16858e+45
9.16187e+16 1.16858e+45
9.16502e+16 1.16858e+45
9.16818e+16 1.16858e+45
9.17134e+16 1.16858e+45
9.17449e+16 1.16858e+45
9.17765e+16 1.16858e+45
9.1808e+16 1.16858e+45
9.18396e+16 1.16858e+45
9.18712e+16 1.16858e+45
9.19027e+16 1.16858e+45
9.19343e+16 1.16858e+45
9.19658e+16 1.16858e+45
9.19974e+16 1.16858e+45
9.2029e+16 1.16858e+45
9.20605e+16 1.16858e+45
9.20921e+16 1.16858e+45
9.21236e+16 1.16858e+45
9.21552e+16 1.16858e+45
9.21868e+16 1.16858e+45
9.22183e+16 1.16858e+45
9.22499e+16 1.16858e+45
9.22814e+16 1.16858e+45
9.2313e+16 1.16858e+45
9.23446e+16 1.16858e+45
9.23761e+16 1.16858e+45
9.24077e+16 1.16858e+45
9.24392e+16 1.16858e+45
9.24708e+16 1.16858e+45
9.25024e+16 1.16858e+45
9.25339e+16 1.16858e+45
9.25655e+16 1.16858e+45
9.2597e+16 1.16858e+45
9.26286e+16 1.16858e+45
9.26602e+16 1.16858e+45
9.26917e+16 1.16858e+45
9.27233e+16 1.16858e+45
9.27548e+16 1.16858e+45
9.27864e+16 1.16858e+45
9.2818e+16 1.16858e+45
9.28495e+16 1.16858e+45
9.28811e+16 1.16858e+45
9.29126e+16 1.16858e+45
9.29442e+16 1.16858e+45
9.29758e+16 1.16858e+45
9.30073e+16 1.16858e+45
9.30389e+16 1.16858e+45
9.30704e+16 1.16858e+45
9.3102e+16 1.16858e+45
9.31336e+16 1.16858e+45
9.31651e+16 1.16858e+45
9.31967e+16 1.16858e+45
9.32282e+16 1.16858e+45
9.32598e+16 1.16858e+45
9.32914e+16 1.16858e+45
9.33229e+16 1.16858e+45
9.33545e+16 1.16858e+45
9.3386e+16 1.16858e+45
9.34176e+16 1.16858e+45
9.34492e+16 1.16858e+45
9.34807e+16 1.16858e+45
9.35123e+16 1.16858e+45
9.35438e+16 1.16858e+45
9.35754e+16 1.16858e+45
9.3607e+16 1.16858e+45
9.36385e+16 1.16858e+45
9.36701e+16 1.16858e+45
9.37016e+16 1.16858e+45
9.37332e+16 1.16858e+45
9.37648e+16 1.16858e+45
9.37963e+16 1.16858e+45
9.38279e+16 1.16858e+45
9.38594e+16 1.16858e+45
9.3891e+16 1.16858e+45
9.39226e+16 1.16858e+45
9.39541e+16 1.16858e+45
9.39857e+16 1.16858e+45
9.40172e+16 1.16858e+45
9.40488e+16 1.16858e+45
9.40804e+16 1.16858e+45
9.41119e+16 1.16858e+45
9.41435e+16 1.16858e+45
9.4175e+16 1.16858e+45
9.42066e+16 1.16858e+45
9.42382e+16 1.16858e+45
9.42697e+16 1.16858e+45
9.43013e+16 1.16858e+45
9.43328e+16 1.16858e+45
9.43644e+16 1.16858e+45
9.4396e+16 1.16858e+45
9.44275e+16 1.16858e+45
9.44591e+16 1.16858e+45
9.44906e+16 1.16858e+45
9.45222e+16 1.16858e+45
9.45538e+16 1.16858e+45
9.45853e+16 1.16858e+45
9.46169e+16 1.16858e+45
9.46484e+16 1.16858e+45
9.468e+16 1.16858e+45
9.47116e+16 1.16858e+45
9.47431e+16 1.16858e+45
9.47747e+16 1.16858e+45
9.48062e+16 1.16858e+45
9.48378e+16 1.16858e+45
9.48694e+16 1.16858e+45
9.49009e+16 1.16858e+45
9.49325e+16 1.16858e+45
9.4964e+16 1.16858e+45
9.49956e+16 1.16858e+45
9.50272e+16 1.16858e+45
9.50587e+16 1.16858e+45
9.50903e+16 1.16858e+45
9.51218e+16 1.16858e+45
9.51534e+16 1.16858e+45
9.5185e+16 1.16858e+45
9.52165e+16 1.16858e+45
9.52481e+16 1.16858e+45
9.52796e+16 1.16858e+45
9.53112e+16 1.16858e+45
9.53428e+16 1.16858e+45
9.53743e+16 1.16858e+45
9.54059e+16 1.16858e+45
9.54374e+16 1.16858e+45
9.5469e+16 1.16858e+45
9.55006e+16 1.16858e+45
9.55321e+16 1.16858e+45
9.55637e+16 1.16858e+45
9.55952e+16 1.16858e+45
9.56268e+16 1.16858e+45
9.56584e+16 1.16858e+45
9.56899e+16 1.16858e+45
9.57215e+16 1.16858e+45
9.5753e+16 1.16858e+45
9.57846e+16 1.16858e+45
9.58162e+16 1.16858e+45
9.58477e+16 1.16858e+45
9.58793e+16 1.16858e+45
9.59108e+16 1.16858e+45
9.59424e+16 1.16858e+45
9.5974e+16 1.16858e+45
9.60055e+16 1.16858e+45
9.60371e+16 1.16858e+45
9.60686e+16 1.16858e+45
9.61002e+16 1.16858e+45
9.61318e+16 1.16858e+45
9.61633e+16 1.16858e+45
9.61949e+16 1.16858e+45
9.62264e+16 1.16858e+45
9.6258e+16 1.16858e+45
9.62896e+16 1.16858e+45
9.63211e+16 1.16858e+45
9.63527e+16 1.16858e+45
9.63842e+16 1.16858e+45
9.64158e+16 1.16858e+45
9.64474e+16 1.16858e+45
9.64789e+16 1.16858e+45
9.65105e+16 1.16858e+45
9.6542e+16 1.16858e+45
9.65736e+16 1.16858e+45
9.66052e+16 1.16858e+45
9.66367e+16 1.16858e+45
9.66683e+16 1.16858e+45
9.66998e+16 1.16858e+45
9.67314e+16 1.16858e+45
9.6763e+16 1.16858e+45
9.67945e+16 1.16858e+45
9.68261e+16 1.16858e+45
9.68576e+16 1.16858e+45
9.68892e+16 1.16858e+45
9.69208e+16 1.16858e+45
9.69523e+16 1.16858e+45
9.69839e+16 1.16858e+45
9.70154e+16 1.16858e+45
9.7047e+16 1.16858e+45
9.70786e+16 1.16858e+45
9.71101e+16 1.16858e+45
9.71417e+16 1.16858e+45
9.71732e+16 1.16858e+45
9.72048e+16 1.16858e+45
9.72364e+16 1.16858e+45
9.72679e+16 1.16858e+45
9.72995e+16 1.16858e+45
9.7331e+16 1.16858e+45
9.73626e+16 1.16858e+45
9.73942e+16 1.16858e+45
9.74257e+16 1.16858e+45
9.74573e+16 1.16858e+45
9.74888e+16 1.16858e+45
9.75204e+16 1.16858e+45
9.7552e+16 1.16858e+45
9.75835e+16 1.16858e+45
9.76151e+16 1.16858e+45
9.76466e+16 1.16858e+45
9.76782e+16 1.16858e+45
9.77098e+16 1.16858e+45
9.77413e+16 1.16858e+45
9.77729e+16 1.16858e+45
9.78044e+16 1.16858e+45
9.7836e+16 1.16858e+45
9.78676e+16 1.16858e+45
9.78991e+16 1.16858e+45
9.79307e+16 1.16858e+45
9.79622e+16 1.16858e+45
9.79938e+16 1.16858e+45
9.80254e+16 1.16858e+45
9.80569e+16 1.16858e+45
9.80885e+16 1.16858e+45
9.812e+16 1.16858e+45
9.81516e+16 1.16858e+45
9.81832e+16 1.16858e+45
9.82147e+16 1.16858e+45
9.82463e+16 1.16858e+45
9.82778e+16 1.16858e+45
9.83094e+16 1.16858e+45
9.8341e+16 1.16858e+45
9.83725e+16 1.16858e+45
9.84041e+16 1.16858e+45
9.84356e+16 1.16858e+45
9.84672e+16 1.16858e+45
9.84988e+16 1.16858e+45
9.85303e+16 1.16858e+45
9.85619e+16 1.16858e+45
9.85934e+16 1.16858e+45
9.8625e+16 1.16858e+45
9.86566e+16 1.16858e+45
9.86881e+16 1.16858e+45
9.87197e+16 1.16858e+45
9.87512e+16 1.16858e+45
9.87828e+16 1.16858e+45
9.88144e+16 1.16858e+45
9.88459e+16 1.16858e+45
9.88775e+16 1.16858e+45
9.8909e+16 1.16858e+45
9.89406e+16 1.16858e+45
9.89722e+16 1.16858e+45
9.90037e+16 1.16858e+45
9.90353e+16 1.16858e+45
9.90668e+16 1.16858e+45
9.90984e+16 1.16858e+45
9.913e+16 1.16858e+45
9.91615e+16 1.16858e+45
9.91931e+16 1.16858e+45
9.92246e+16 1.16858e+45
9.92562e+16 1.16858e+45
9.92878e+16 1.16858e+45
9.93193e+16 1.16858e+45
9.93509e+16 1.16858e+45
9.93824e+16 1.16858e+45
9.9414e+16 1.16858e+45
9.94456e+16 1.16858e+45
9.94771e+16 1.16858e+45
9.95087e+16 1.16858e+45
9.95402e+16 1.16858e+45
9.95718e+16 1.16858e+45
9.96034e+16 1.16858e+45
9.96349e+16 1.16858e+45
9.96665e+16 1.16858e+45
9.9698e+16 1.16858e+45
9.97296e+16 1.16858e+45
9.97612e+16 1.16858e+45
9.97927e+16 1.16858e+45
9.98243e+16 1.16858e+45
9.98558e+16 1.16858e+45
9.98874e+16 1.16858e+45
9.9919e+16 1.16858e+45
9.99505e+16 1.16858e+45
9.99821e+16 1.16858e+45
1.00014e+17 1.16858e+45
1.00045e+17 1.16858e+45
1.00077e+17 1.16858e+45
1.00108e+17 1.16858e+45
1.0014e+17 1.16858e+45
1.00171e+17 1.16858e+45
1.00203e+17 1.16858e+45
1.00235e+17 1.16858e+45
1.00266e+17 1.16858e+45
1.00298e+17 1.16858e+45
1.00329e+17 1.16858e+45
1.00361e+17 1.16858e+45
1.00392e+17 1.16858e+45
1.00424e+17 1.16858e+45
1.00455e+17 1.16858e+45
1.00487e+17 1.16858e+45
1.00519e+17 1.16858e+45
1.0055e+17 1.16858e+45
1.00582e+17 1.16858e+45
1.00613e+17 1.16858e+45
1.00645e+17 1.16858e+45
1.00676e+17 1.16858e+45
1.00708e+17 1.16858e+45
1.0074e+17 1.16858e+45
1.00771e+17 1.16858e+45
1.00803e+17 1.16858e+45
1.00834e+17 1.16858e+45
1.00866e+17 1.16858e+45
1.00897e+17 1.16858e+45
1.00929e+17 1.16858e+45
1.0096e+17 1.16858e+45
1.00992e+17 1.16858e+45
1.01024e+17 1.16858e+45
1.01055e+17 1.16858e+45
1.01087e+17 1.16858e+45
1.01118e+17 1.16858e+45
1.0115e+17 1.16858e+45
1.01181e+17 1.16858e+45
1.01213e+17 1.16858e+45
1.01244e+17 1.16858e+45
1.01276e+17 1.16858e+45
1.01308e+17 1.16858e+45
1.01339e+17 1.16858e+45
1.01371e+17 1.16858e+45
1.01402e+17 1.16858e+45
1.01434e+17 1.16858e+45
1.01465e+17 1.16858e+45
1.01497e+17 1.16858e+45
1.01529e+17 1.16858e+45
1.0156e+17 1.16858e+45
1.01592e+17 1.16858e+45
1.01623e+17 1.16858e+45
1.01655e+17 1.16858e+45
1.01686e+17 1.16858e+45
1.01718e+17 1.16858e+45
1.01749e+17 1.16858e+45
1.01781e+17 1.16858e+45
1.01813e+17 1.16858e+45
1.01844e+17 1.16858e+45
1.01876e+17 1.16858e+45
1.01907e+17 1.16858e+45
1.01939e+17 1.16858e+45
1.0197e+17 1.16858e+45
1.02002e+17 1.16858e+45
1.02033e+17 1.16858e+45
1.02065e+17 1.16858e+45
1.02097e+17 1.16858e+45
1.02128e+17 1.16858e+45
1.0216e+17 1.16858e+45
1.02191e+17 1.16858e+45
1.02223e+17 1.16858e+45
1.02254e+17 1.16858e+45
1.02286e+17 1.16858e+45
1.02318e+17 1.16858e+45
1.02349e+17 1.16858e+45
1.02381e+17 1.16858e+45
1.02412e+17 1.16858e+45
1.02444e+17 1.16858e+45
1.02475e+17 1.16858e+45
1.02507e+17 1.16858e+45
1.02538e+17 1.16858e+45
1.0257e+17 1.16858e+45
1.02602e+17 1.16858e+45
1.02633e+17 1.16858e+45
1.02665e+17 1.16858e+45
1.02696e+17 1.16858e+45
1.02728e+17 1.16858e+45
1.02759e+17 1.16858e+45
1.02791e+17 1.16858e+45
1.02822e+17 1.16858e+45
1.02854e+17 1.16858e+45
1.02886e+17 1.16858e+45
1.02917e+17 1.16858e+45
1.02949e+17 1.16858e+45
1.0298e+17 1.16858e+45
1.03012e+17 1.16858e+45
1.03043e+17 1.16858e+45
1.03075e+17 1.16858e+45
1.03107e+17 1.16858e+45
1.03138e+17 1.16858e+45
1.0317e+17 1.16858e+45
1.03201e+17 1.16858e+45
1.03233e+17 1.16858e+45
1.03264e+17 1.16858e+45
1.03296e+17 1.16858e+45
1.03327e+17 1.16858e+45
1.03359e+17 1.16858e+45
1.03391e+17 1.16858e+45
1.03422e+17 1.16858e+45
1.03454e+17 1.16858e+45
1.03485e+17 1.16858e+45
1.03517e+17 1.16858e+45
1.03548e+17 1.16858e+45
1.0358e+17 1.16858e+45
1.03611e+17 1.16858e+45
1.03643e+17 1.16858e+45
1.03675e+17 1.16858e+45
1.03706e+17 1.16858e+45
1.03738e+17 1.16858e+45
1.03769e+17 1.16858e+45
1.03801e+17 1.16858e+45
1.03832e+17 1.16858e+45
1.03864e+17 1.16858e+45
1.03896e+17 1.16858e+45
1.03927e+17 1.16858e+45
1.03959e+17 1.16858e+45
1.0399e+17 1.16858e+45
1.04022e+17 1.16858e+45
1.04053e+17 1.16858e+45
1.04085e+17 1.16858e+45
1.04116e+17 1.16858e+45
1.04148e+17 1.16858e+45
1.0418e+17 1.16858e+45
1.04211e+17 1.16858e+45
1.04243e+17 1.16858e+45
1.04274e+17 1.16858e+45
1.04306e+17 1.16858e+45
1.04337e+17 1.16858e+45
1.04369e+17 1.16858e+45
1.044e+17 1.16858e+45
1.04432e+17 1.16858e+45
1.04464e+17 1.16858e+45
1.04495e+17 1.16858e+45
1.04527e+17 1.16858e+45
1.04558e+17 1.16858e+45
1.0459e+17 1.16858e+45
1.04621e+17 1.16858e+45
1.04653e+17 1.16858e+45
1.04685e+17 1.16858e+45
1.04716e+17 1.16858e+45
1.04748e+17 1.16858e+45
1.04779e+17 1.16858e+45
1.04811e+17 1.16858e+45
1.04842e+17 1.16858e+45
1.04874e+17 1.16858e+45
1.04905e+17 1.16858e+45
1.04937e+17 1.16858e+45
1.04969e+17 1.16858e+45
1.05e+17 1.16858e+45
1.05032e+17 1.16858e+45
1.05063e+17 1.16858e+45
1.05095e+17 1.16858e+45
1.05126e+17 1.16858e+45
1.05158e+17 1.16858e+45
1.05189e+17 1.16858e+45
1.05221e+17 1.16858e+45
1.05253e+17 1.16858e+45
1.05284e+17 1.16858e+45
1.05316e+17 1.16858e+45
1.05347e+17 1.16858e+45
1.05379e+17 1.16858e+45
1.0541e+17 1.16858e+45
1.05442e+17 1.16858e+45
1.05474e+17 1.16858e+45
1.05505e+17 1.16858e+45
1.05537e+17 1.16858e+45
1.05568e+17 1.16858e+45
1.056e+17 1.16858e+45
1.05631e+17 1.16858e+45
1.05663e+17 1.16858e+45
1.05694e+17 1.16858e+45
1.05726e+17 1.16858e+45
1.05758e+17 1.16858e+45
1.05789e+17 1.16858e+45
1.05821e+17 1.16858e+45
1.05852e+17 1.16858e+45
1.05884e+17 1.16858e+45
1.05915e+17 1.16858e+45
1.05947e+17 1.16858e+45
1.05978e+17 1.16858e+45
1.0601e+17 1.16858e+45
1.06042e+17 1.16858e+45
1.06073e+17 1.16858e+45
1.06105e+17 1.16858e+45
1.06136e+17 1.16858e+45
1.06168e+17 1.16858e+45
1.06199e+17 1.16858e+45
1.06231e+17 1.16858e+45
1.06263e+17 1.16858e+45
1.06294e+17 1.16858e+45
1.06326e+17 1.16858e+45
1.06357e+17 1.16858e+45
1.06389e+17 1.16858e+45
1.0642e+17 1.16858e+45
1.06452e+17 1.16858e+45
1.06483e+17 1.16858e+45
1.06515e+17 1.16858e+45
1.06547e+17 1.16858e+45
1.06578e+17 1.16858e+45
1.0661e+17 1.16858e+45
1.06641e+17 1.16858e+45
1.06673e+17 1.16858e+45
1.06704e+17 1.16858e+45
1.06736e+17 1.16858e+45
1.06767e+17 1.16858e+45
1.06799e+17 1.16858e+45
1.06831e+17 1.16858e+45
1.06862e+17 1.16858e+45
1.06894e+17 1.16858e+45
1.06925e+17 1.16858e+45
1.06957e+17 1.16858e+45
1.06988e+17 1.16858e+45
1.0702e+17 1.16858e+45
1.07052e+17 1.16858e+45
1.07083e+17 1.16858e+45
1.07115e+17 1.16858e+45
1.07146e+17 1.16858e+45
1.07178e+17 1.16858e+45
1.07209e+17 1.16858e+45
1.07241e+17 1.16858e+45
1.07272e+17 1.16858e+45
1.07304e+17 1.16858e+45
1.07336e+17 1.16858e+45
1.07367e+17 1.16858e+45
1.07399e+17 1.16858e+45
1.0743e+17 1.16858e+45
1.07462e+17 1.16858e+45
1.07493e+17 1.16858e+45
1.07525e+17 1.16858e+45
1.07556e+17 1.16858e+45
1.07588e+17 1.16858e+45
1.0762e+17 1.16858e+45
1.07651e+17 1.16858e+45
1.07683e+17 1.16858e+45
1.07714e+17 1.16858e+45
1.07746e+17 1.16858e+45
1.07777e+17 1.16858e+45
1.07809e+17 1.16858e+45
1.07841e+17 1.16858e+45
1.07872e+17 1.16858e+45
1.07904e+17 1.16858e+45
1.07935e+17 1.16858e+45
1.07967e+17 1.16858e+45
1.07998e+17 1.16858e+45
1.0803e+17 1.16858e+45
1.08061e+17 1.16858e+45
1.08093e+17 1.16858e+45
1.08125e+17 1.16858e+45
1.08156e+17 1.16858e+45
1.08188e+17 1.16858e+45
1.08219e+17 1.16858e+45
1.08251e+17 1.16858e+45
1.08282e+17 1.16858e+45
1.08314e+17 1.16858e+45
1.08345e+17 1.16858e+45
1.08377e+17 1.16858e+45
1.08409e+17 1.16858e+45
1.0844e+17 1.16858e+45
1.08472e+17 1.16858e+45
1.08503e+17 1.16858e+45
1.08535e+17 1.16858e+45
1.08566e+17 1.16858e+45
1.08598e+17 1.16858e+45
1.0863e+17 1.16858e+45
1.08661e+17 1.16858e+45
1.08693e+17 1.16858e+45
1.08724e+17 1.16858e+45
1.08756e+17 1.16858e+45
1.08787e+17 1.16858e+45
1.08819e+17 1.16858e+45
1.0885e+17 1.16858e+45
1.08882e+17 1.16858e+45
1.08914e+17 1.16858e+45
1.08945e+17 1.16858e+45
1.08977e+17 1.16858e+45
1.09008e+17 1.16858e+45
1.0904e+17 1.16858e+45
1.09071e+17 1.16858e+45
1.09103e+17 1.16858e+45
1.09134e+17 1.16858e+45
1.09166e+17 1.16858e+45
1.09198e+17 1.16858e+45
1.09229e+17 1.16858e+45
1.09261e+17 1.16858e+45
1.09292e+17 1.16858e+45
1.09324e+17 1.16858e+45
1.09355e+17 1.16858e+45
1.09387e+17 1.16858e+45
1.09419e+17 1.16858e+45
1.0945e+17 1.16858e+45
1.09482e+17 1.16858e+45
1.09513e+17 1.16858e+45
1.09545e+17 1.16858e+45
1.09576e+17 1.16858e+45
1.09608e+17 1.16858e+45
1.09639e+17 1.16858e+45
1.09671e+17 1.16858e+45
1.09703e+17 1.16858e+45
1.09734e+17 1.16858e+45
1.09766e+17 1.16858e+45
1.09797e+17 1.16858e+45
1.09829e+17 1.16858e+45
1.0986e+17 1.16858e+45
1.09892e+17 1.16858e+45
1.09923e+17 1.16858e+45
1.09955e+17 1.16858e+45
1.09987e+17 1.16858e+45
1.10018e+17 1.16858e+45
1.1005e+17 1.16858e+45
1.10081e+17 1.16858e+45
1.10113e+17 1.16858e+45
1.10144e+17 1.16858e+45
1.10176e+17 1.16858e+45
1.10208e+17 1.16858e+45
1.10239e+17 1.16858e+45
1.10271e+17 1.16858e+45
1.10302e+17 1.16858e+45
1.10334e+17 1.16858e+45
1.10365e+17 1.16858e+45
1.10397e+17 1.16858e+45
1.10428e+17 1.16858e+45
1.1046e+17 1.16858e+45
1.10492e+17 1.16858e+45
1.10523e+17 1.16858e+45
1.10555e+17 1.16858e+45
1.10586e+17 1.16858e+45
1.10618e+17 1.16858e+45
1.10649e+17 1.16858e+45
1.10681e+17 1.16858e+45
1.10712e+17 1.16858e+45
1.10744e+17 1.16858e+45
1.10776e+17 1.16858e+45
1.10807e+17 1.16858e+45
1.10839e+17 1.16858e+45
1.1087e+17 1.16858e+45
1.10902e+17 1.16858e+45
1.10933e+17 1.16858e+45
1.10965e+17 1.16858e+45
1.10997e+17 1.16858e+45
1.11028e+17 1.16858e+45
1.1106e+17 1.16858e+45
1.11091e+17 1.16858e+45
1.11123e+17 1.16858e+45
1.11154e+17 1.16858e+45
1.11186e+17 1.16858e+45
1.11217e+17 1.16858e+45
1.11249e+17 1.16858e+45
1.11281e+17 1.16858e+45
1.11312e+17 1.16858e+45
1.11344e+17 1.16858e+45
1.11375e+17 1.16858e+45
1.11407e+17 1.16858e+45
1.11438e+17 1.16858e+45
1.1147e+17 1.16858e+45
1.11501e+17 1.16858e+45
1.11533e+17 1.16858e+45
1.11565e+17 1.16858e+45
1.11596e+17 1.16858e+45
1.11628e+17 1.16858e+45
1.11659e+17 1.16858e+45
1.11691e+17 1.16858e+45
1.11722e+17 1.16858e+45
1.11754e+17 1.16858e+45
1.11786e+17 1.16858e+45
1.11817e+17 1.16858e+45
1.11849e+17 1.16858e+45
1.1188e+17 1.16858e+45
1.11912e+17 1.16858e+45
1.11943e+17 1.16858e+45
1.11975e+17 1.16858e+45
1.12006e+17 1.16858e+45
1.12038e+17 1.16858e+45
1.1207e+17 1.16858e+45
1.12101e+17 1.16858e+45
1.12133e+17 1.16858e+45
1.12164e+17 1.16858e+45
1.12196e+17 1.16858e+45
1.12227e+17 1.16858e+45
1.12259e+17 1.16858e+45
1.1229e+17 1.16858e+45
1.12322e+17 1.16858e+45
1.12354e+17 1.16858e+45
1.12385e+17 1.16858e+45
1.12417e+17 1.16858e+45
1.12448e+17 1.16858e+45
1.1248e+17 1.16858e+45
1.12511e+17 1.16858e+45
1.12543e+17 1.16858e+45
1.12575e+17 1.16858e+45
1.12606e+17 1.16858e+45
1.12638e+17 1.16858e+45
1.12669e+17 1.16858e+45
1.12701e+17 1.16858e+45
1.12732e+17 1.16858e+45
1.12764e+17 1.16858e+45
1.12795e+17 1.16858e+45
1.12827e+17 1.16858e+45
1.12859e+17 1.16858e+45
1.1289e+17 1.16858e+45
1.12922e+17 1.16858e+45
1.12953e+17 1.16858e+45
1.12985e+17 1.16858e+45
1.13016e+17 1.16858e+45
1.13048e+17 1.16858e+45
1.13079e+17 1.16858e+45
1.13111e+17 1.16858e+45
1.13143e+17 1.16858e+45
1.13174e+17 1.16858e+45
1.13206e+17 1.16858e+45
1.13237e+17 1.16858e+45
1.13269e+17 1.16858e+45
1.133e+17 1.16858e+45
1.13332e+17 1.16858e+45
1.13364e+17 1.16858e+45
1.13395e+17 1.16858e+45
1.13427e+17 1.16858e+45
1.13458e+17 1.16858e+45
1.1349e+17 1.16858e+45
1.13521e+17 1.16858e+45
1.13553e+17 1.16858e+45
1.13584e+17 1.16858e+45
1.13616e+17 1.16858e+45
1.13648e+17 1.16858e+45
1.13679e+17 1.16858e+45
1.13711e+17 1.16858e+45
1.13742e+17 1.16858e+45
1.13774e+17 1.16858e+45
1.13805e+17 1.16858e+45
1.13837e+17 1.16858e+45
1.13868e+17 1.16858e+45
1.139e+17 1.16858e+45
1.13932e+17 1.16858e+45
1.13963e+17 1.16858e+45
1.13995e+17 1.16858e+45
1.14026e+17 1.16858e+45
1.14058e+17 1.16858e+45
1.14089e+17 1.16858e+45
1.14121e+17 1.16858e+45
1.14153e+17 1.16858e+45
1.14184e+17 1.16858e+45
1.14216e+17 1.16858e+45
1.14247e+17 1.16858e+45
1.14279e+17 1.16858e+45
1.1431e+17 1.16858e+45
1.14342e+17 1.16858e+45
1.14373e+17 1.16858e+45
1.14405e+17 1.16858e+45
1.14437e+17 1.16858e+45
1.14468e+17 1.16858e+45
1.145e+17 1.16858e+45
1.14531e+17 1.16858e+45
1.14563e+17 1.16858e+45
1.14594e+17 1.16858e+45
1.14626e+17 1.16858e+45
1.14657e+17 1.16858e+45
1.14689e+17 1.16858e+45
1.14721e+17 1.16858e+45
1.14752e+17 1.16858e+45
1.14784e+17 1.16858e+45
1.14815e+17 1.16858e+45
1.14847e+17 1.16858e+45
1.14878e+17 1.16858e+45
1.1491e+17 1.16858e+45
1.14942e+17 1.16858e+45
1.14973e+17 1.16858e+45
1.15005e+17 1.16858e+45
1.15036e+17 1.16858e+45
1.15068e+17 1.16858e+45
1.15099e+17 1.16858e+45
1.15131e+17 1.16858e+45
1.15162e+17 1.16858e+45
1.15194e+17 1.16858e+45
1.15226e+17 1.16858e+45
1.15257e+17 1.16858e+45
1.15289e+17 1.16858e+45
1.1532e+17 1.16858e+45
1.15352e+17 1.16858e+45
1.15383e+17 1.16858e+45
1.15415e+17 1.16858e+45
1.15446e+17 1.16858e+45
1.15478e+17 1.16858e+45
1.1551e+17 1.16858e+45
1.15541e+17 1.16858e+45
1.15573e+17 1.16858e+45
1.15604e+17 1.16858e+45
1.15636e+17 1.16858e+45
1.15667e+17 1.16858e+45
1.15699e+17 1.16858e+45
1.15731e+17 1.16858e+45
1.15762e+17 1.16858e+45
1.15794e+17 1.16858e+45
1.15825e+17 1.16858e+45
1.15857e+17 1.16858e+45
1.15888e+17 1.16858e+45
1.1592e+17 1.16858e+45
1.15951e+17 1.16858e+45
1.15983e+17 1.16858e+45
1.16015e+17 1.16858e+45
1.16046e+17 1.16858e+45
1.16078e+17 1.16858e+45
1.16109e+17 1.16858e+45
1.16141e+17 1.16858e+45
1.16172e+17 1.16858e+45
1.16204e+17 1.16858e+45
1.16235e+17 1.16858e+45
1.16267e+17 1.16858e+45
1.16299e+17 1.16858e+45
1.1633e+17 1.16858e+45
1.16362e+17 1.16858e+45
1.16393e+17 1.16858e+45
1.16425e+17 1.16858e+45
1.16456e+17 1.16858e+45
1.16488e+17 1.16858e+45
1.1652e+17 1.16858e+45
1.16551e+17 1.16858e+45
1.16583e+17 1.16858e+45
1.16614e+17 1.16858e+45
1.16646e+17 1.16858e+45
1.16677e+17 1.16858e+45
1.16709e+17 1.16858e+45
1.1674e+17 1.16858e+45
1.16772e+17 1.16858e+45
1.16804e+17 1.16858e+45
1.16835e+17 1.16858e+45
1.16867e+17 1.16858e+45
1.16898e+17 1.16858e+45
1.1693e+17 1.16858e+45
1.16961e+17 1.16858e+45
1.16993e+17 1.16858e+45
1.17024e+17 1.16858e+45
1.17056e+17 1.16858e+45
1.17088e+17 1.16858e+45
1.17119e+17 1.16858e+45
1.17151e+17 1.16858e+45
1.17182e+17 1.16858e+45
1.17214e+17 1.16858e+45
1.17245e+17 1.16858e+45
1.17277e+17 1.16858e+45
1.17309e+17 1.16858e+45
1.1734e+17 1.16858e+45
1.17372e+17 1.16858e+45
1.17403e+17 1.16858e+45
1.17435e+17 1.16858e+45
1.17466e+17 1.16858e+45
1.17498e+17 1.16858e+45
1.17529e+17 1.16858e+45
1.17561e+17 1.16858e+45
1.17593e+17 1.16858e+45
1.17624e+17 1.16858e+45
1.17656e+17 1.16858e+45
1.17687e+17 1.16858e+45
1.17719e+17 1.16858e+45
1.1775e+17 1.16858e+45
1.17782e+17 1.16858e+45
1.17813e+17 1.16858e+45
1.17845e+17 1.16858e+45
1.17877e+17 1.16858e+45
1.17908e+17 1.16858e+45
1.1794e+17 1.16858e+45
1.17971e+17 1.16858e+45
1.18003e+17 1.16858e+45
1.18034e+17 1.16858e+45
1.18066e+17 1.16858e+45
1.18098e+17 1.16858e+45
1.18129e+17 1.16858e+45
1.18161e+17 1.16858e+45
1.18192e+17 1.16858e+45
1.18224e+17 1.16858e+45
1.18255e+17 1.16858e+45
1.18287e+17 1.16858e+45
1.18318e+17 1.16858e+45
1.1835e+17 1.16858e+45
1.18382e+17 1.16858e+45
1.18413e+17 1.16858e+45
1.18445e+17 1.16858e+45
1.18476e+17 1.16858e+45
1.18508e+17 1.16858e+45
1.18539e+17 1.16858e+45
1.18571e+17 1.16858e+45
1.18602e+17 1.16858e+45
1.18634e+17 1.16858e+45
1.18666e+17 1.16858e+45
1.18697e+17 1.16858e+45
1.18729e+17 1.16858e+45
1.1876e+17 1.16858e+45
1.18792e+17 1.16858e+45
1.18823e+17 1.16858e+45
1.18855e+17 1.16858e+45
1.18887e+17 1.16858e+45
1.18918e+17 1.16858e+45
1.1895e+17 1.16858e+45
1.18981e+17 1.16858e+45
1.19013e+17 1.16858e+45
1.19044e+17 1.16858e+45
1.19076e+17 1.16858e+45
1.19107e+17 1.16858e+45
1.19139e+17 1.16858e+45
1.19171e+17 1.16858e+45
1.19202e+17 1.16858e+45
1.19234e+17 1.16858e+45
1.19265e+17 1.16858e+45
1.19297e+17 1.16858e+45
1.19328e+17 1.16858e+45
1.1936e+17 1.16858e+45
1.19391e+17 1.16858e+45
1.19423e+17 1.16858e+45
1.19455e+17 1.16858e+45
1.19486e+17 1.16858e+45
1.19518e+17 1.16858e+45
1.19549e+17 1.16858e+45
1.19581e+17 1.16858e+45
1.19612e+17 1.16858e+45
1.19644e+17 1.16858e+45
1.19676e+17 1.16858e+45
1.19707e+17 1.16858e+45
1.19739e+17 1.16858e+45
1.1977e+17 1.16858e+45
1.19802e+17 1.16858e+45
1.19833e+17 1.16858e+45
1.19865e+17 1.16858e+45
1.19896e+17 1.16858e+45
1.19928e+17 1.16858e+45
1.1996e+17 1.16858e+45
1.19991e+17 1.16858e+45
1.20023e+17 1.16858e+45
1.20054e+17 1.16858e+45
1.20086e+17 1.16858e+45
1.20117e+17 1.16858e+45
1.20149e+17 1.16858e+45
1.2018e+17 1.16858e+45
1.20212e+17 1.16858e+45
1.20244e+17 1.16858e+45
1.20275e+17 1.16858e+45
1.20307e+17 1.16858e+45
1.20338e+17 1.16858e+45
1.2037e+17 1.16858e+45
1.20401e+17 1.16858e+45
1.20433e+17 1.16858e+45
1.20465e+17 1.16858e+45
1.20496e+17 1.16858e+45
1.20528e+17 1.16858e+45
1.20559e+17 1.16858e+45
1.20591e+17 1.16858e+45
1.20622e+17 1.16858e+45
1.20654e+17 1.16858e+45
1.20685e+17 1.16858e+45
1.20717e+17 1.16858e+45
1.20749e+17 1.16858e+45
1.2078e+17 1.16858e+45
1.20812e+17 1.16858e+45
1.20843e+17 1.16858e+45
1.20875e+17 1.16858e+45
1.20906e+17 1.16858e+45
1.20938e+17 1.16858e+45
1.20969e+17 1.16858e+45
1.21001e+17 1.16858e+45
1.21033e+17 1.16858e+45
1.21064e+17 1.16858e+45
1.21096e+17 1.16858e+45
1.21127e+17 1.16858e+45
1.21159e+17 1.16858e+45
1.2119e+17 1.16858e+45
1.21222e+17 1.16858e+45
1.21254e+17 1.16858e+45
1.21285e+17 1.16858e+45
1.21317e+17 1.16858e+45
1.21348e+17 1.16858e+45
1.2138e+17 1.16858e+45
1.21411e+17 1.16858e+45
1.21443e+17 1.16858e+45
1.21474e+17 1.16858e+45
1.21506e+17 1.16858e+45
1.21538e+17 1.16858e+45
1.21569e+17 1.16858e+45
1.21601e+17 1.16858e+45
1.21632e+17 1.16858e+45
1.21664e+17 1.16858e+45
1.21695e+17 1.16858e+45
1.21727e+17 1.16858e+45
1.21758e+17 1.16858e+45
1.2179e+17 1.16858e+45
1.21822e+17 1.16858e+45
1.21853e+17 1.16858e+45
1.21885e+17 1.16858e+45
1.21916e+17 1.16858e+45
1.21948e+17 1.16858e+45
1.21979e+17 1.16858e+45
1.22011e+17 1.16858e+45
1.22043e+17 1.16858e+45
1.22074e+17 1.16858e+45
1.22106e+17 1.16858e+45
1.22137e+17 1.16858e+45
1.22169e+17 1.16858e+45
1.222e+17 1.16858e+45
1.22232e+17 1.16858e+45
1.22263e+17 1.16858e+45
1.22295e+17 1.16858e+45
1.22327e+17 1.16858e+45
1.22358e+17 1.16858e+45
1.2239e+17 1.16858e+45
1.22421e+17 1.16858e+45
1.22453e+17 1.16858e+45
1.22484e+17 1.16858e+45
1.22516e+17 1.16858e+45
1.22547e+17 1.16858e+45
1.22579e+17 1.16858e+45
1.22611e+17 1.16858e+45
1.22642e+17 1.16858e+45
1.22674e+17 1.16858e+45
1.22705e+17 1.16858e+45
1.22737e+17 1.16858e+45
1.22768e+17 1.16858e+45
1.228e+17 1.16858e+45
1.22832e+17 1.16858e+45
1.22863e+17 1.16858e+45
1.22895e+17 1.16858e+45
1.22926e+17 1.16858e+45
1.22958e+17 1.16858e+45
1.22989e+17 1.16858e+45
1.23021e+17 1.16858e+45
1.23052e+17 1.16858e+45
1.23084e+17 1.16858e+45
1.23116e+17 1.16858e+45
1.23147e+17 1.16858e+45
1.23179e+17 1.16858e+45
1.2321e+17 1.16858e+45
1.23242e+17 1.16858e+45
1.23273e+17 1.16858e+45
1.23305e+17 1.16858e+45
1.23336e+17 1.16858e+45
1.23368e+17 1.16858e+45
1.234e+17 1.16858e+45
1.23431e+17 1.16858e+45
1.23463e+17 1.16858e+45
1.23494e+17 1.16858e+45
1.23526e+17 1.16858e+45
1.23557e+17 1.16858e+45
1.23589e+17 1.16858e+45
1.23621e+17 1.16858e+45
1.23652e+17 1.16858e+45
1.23684e+17 1.16858e+45
1.23715e+17 1.16858e+45
1.23747e+17 1.16858e+45
1.23778e+17 1.16858e+45
1.2381e+17 1.16858e+45
1.23841e+17 1.16858e+45
1.23873e+17 1.16858e+45
1.23905e+17 1.16858e+45
1.23936e+17 1.16858e+45
1.23968e+17 1.16858e+45
1.23999e+17 1.16858e+45
1.24031e+17 1.16858e+45
1.24062e+17 1.16858e+45
1.24094e+17 1.16858e+45
1.24125e+17 1.16858e+45
1.24157e+17 1.16858e+45
1.24189e+17 1.16858e+45
1.2422e+17 1.16858e+45
1.24252e+17 1.16858e+45
1.24283e+17 1.16858e+45
1.24315e+17 1.16858e+45
1.24346e+17 1.16858e+45
1.24378e+17 1.16858e+45
1.2441e+17 1.16858e+45
1.24441e+17 1.16858e+45
1.24473e+17 1.16858e+45
1.24504e+17 1.16858e+45
1.24536e+17 1.16858e+45
1.24567e+17 1.16858e+45
1.24599e+17 1.16858e+45
1.2463e+17 1.16858e+45
1.24662e+17 1.16858e+45
1.24694e+17 1.16858e+45
1.24725e+17 1.16858e+45
1.24757e+17 1.16858e+45
1.24788e+17 1.16858e+45
1.2482e+17 1.16858e+45
1.24851e+17 1.16858e+45
1.24883e+17 1.16858e+45
1.24914e+17 1.16858e+45
1.24946e+17 1.16858e+45
1.24978e+17 1.16858e+45
1.25009e+17 1.16858e+45
1.25041e+17 1.16858e+45
1.25072e+17 1.16858e+45
1.25104e+17 1.16858e+45
1.25135e+17 1.16858e+45
1.25167e+17 1.16858e+45
1.25199e+17 1.16858e+45
1.2523e+17 1.16858e+45
1.25262e+17 1.16858e+45
1.25293e+17 1.16858e+45
1.25325e+17 1.16858e+45
1.25356e+17 1.16858e+45
1.25388e+17 1.16858e+45
1.25419e+17 1.16858e+45
1.25451e+17 1.16858e+45
1.25483e+17 1.16858e+45
1.25514e+17 1.16858e+45
1.25546e+17 1.16858e+45
1.25577e+17 1.16858e+45
1.25609e+17 1.16858e+45
1.2564e+17 1.16858e+45
1.25672e+17 1.16858e+45
1.25703e+17 1.16858e+45
1.25735e+17 1.16858e+45
1.25767e+17 1.16858e+45
1.25798e+17 1.16858e+45
1.2583e+17 1.16858e+45
1.25861e+17 1.16858e+45
1.25893e+17 1.16858e+45
1.25924e+17 1.16858e+45
1.25956e+17 1.16858e+45
1.25988e+17 1.16858e+45
1.26019e+17 1.16858e+45
1.26051e+17 1.16858e+45
1.26082e+17 1.16858e+45
1.26114e+17 1.16858e+45
1.26145e+17 1.16858e+45
1.26177e+17 1.16858e+45
1.26208e+17 1.16858e+45
1.2624e+17 1.16858e+45
1.26272e+17 1.16858e+45
1.26303e+17 1.16858e+45
1.26335e+17 1.16858e+45
1.26366e+17 1.16858e+45
1.26398e+17 1.16858e+45
1.26429e+17 1.16858e+45
1.26461e+17 1.16858e+45
1.26492e+17 1.16858e+45
1.26524e+17 1.16858e+45
1.26556e+17 1.16858e+45
1.26587e+17 1.16858e+45
1.26619e+17 1.16858e+45
1.2665e+17 1.16858e+45
1.26682e+17 1.16858e+45
1.26713e+17 1.16858e+45
1.26745e+17 1.16858e+45
1.26777e+17 1.16858e+45
1.26808e+17 1.16858e+45
1.2684e+17 1.16858e+45
1.26871e+17 1.16858e+45
1.26903e+17 1.16858e+45
1.26934e+17 1.16858e+45
1.26966e+17 1.16858e+45
1.26997e+17 1.16858e+45
1.27029e+17 1.16858e+45
1.27061e+17 1.16858e+45
1.27092e+17 1.16858e+45
1.27124e+17 1.16858e+45
1.27155e+17 1.16858e+45
1.27187e+17 1.16858e+45
1.27218e+17 1.16858e+45
1.2725e+17 1.16858e+45
1.27281e+17 1.16858e+45
1.27313e+17 1.16858e+45
1.27345e+17 1.16858e+45
1.27376e+17 1.16858e+45
1.27408e+17 1.16858e+45
1.27439e+17 1.16858e+45
1.27471e+17 1.16858e+45
1.27502e+17 1.16858e+45
1.27534e+17 1.16858e+45
1.27566e+17 1.16858e+45
1.27597e+17 1.16858e+45
1.27629e+17 1.16858e+45
1.2766e+17 1.16858e+45
1.27692e+17 1.16858e+45
1.27723e+17 1.16858e+45
1.27755e+17 1.16858e+45
1.27786e+17 1.16858e+45
1.27818e+17 1.16858e+45
1.2785e+17 1.16858e+45
1.27881e+17 1.16858e+45
1.27913e+17 1.16858e+45
1.27944e+17 1.16858e+45
1.27976e+17 1.16858e+45
1.28007e+17 1.16858e+45
1.28039e+17 1.16858e+45
1.2807e+17 1.16858e+45
1.28102e+17 1.16858e+45
1.28134e+17 1.16858e+45
1.28165e+17 1.16858e+45
1.28197e+17 1.16858e+45
1.28228e+17 1.16858e+45
1.2826e+17 1.16858e+45
1.28291e+17 1.16858e+45
1.28323e+17 1.16858e+45
1.28355e+17 1.16858e+45
1.28386e+17 1.16858e+45
1.28418e+17 1.16858e+45
1.28449e+17 1.16858e+45
1.28481e+17 1.16858e+45
1.28512e+17 1.16858e+45
1.28544e+17 1.16858e+45
1.28575e+17 1.16858e+45
1.28607e+17 1.16858e+45
1.28639e+17 1.16858e+45
1.2867e+17 1.16858e+45
1.28702e+17 1.16858e+45
1.28733e+17 1.16858e+45
1.28765e+17 1.16858e+45
1.28796e+17 1.16858e+45
1.28828e+17 1.16858e+45
1.28859e+17 1.16858e+45
1.28891e+17 1.16858e+45
1.28923e+17 1.16858e+45
1.28954e+17 1.16858e+45
1.28986e+17 1.16858e+45
1.29017e+17 1.16858e+45
1.29049e+17 1.16858e+45
1.2908e+17 1.16858e+45
1.29112e+17 1.16858e+45
1.29144e+17 1.16858e+45
1.29175e+17 1.16858e+45
1.29207e+17 1.16858e+45
1.29238e+17 1.16858e+45
1.2927e+17 1.16858e+45
1.29301e+17 1.16858e+45
1.29333e+17 1.16858e+45
1.29364e+17 1.16858e+45
1.29396e+17 1.16858e+45
1.29428e+17 1.16858e+45
1.29459e+17 1.16858e+45
1.29491e+17 1.16858e+45
1.29522e+17 1.16858e+45
1.29554e+17 1.16858e+45
1.29585e+17 1.16858e+45
1.29617e+17 1.16858e+45
1.29648e+17 1.16858e+45
1.2968e+17 1.16858e+45
1.29712e+17 1.16858e+45
1.29743e+17 1.16858e+45
1.29775e+17 1.16858e+45
1.29806e+17 1.16858e+45
1.29838e+17 1.16858e+45
1.29869e+17 1.16858e+45
1.29901e+17 1.16858e+45
1.29933e+17 1.16858e+45
1.29964e+17 1.16858e+45
1.29996e+17 1.16858e+45
1.30027e+17 1.16858e+45
1.30059e+17 1.16858e+45
1.3009e+17 1.16858e+45
1.30122e+17 1.16858e+45
1.30153e+17 1.16858e+45
1.30185e+17 1.16858e+45
1.30217e+17 1.16858e+45
1.30248e+17 1.16858e+45
1.3028e+17 1.16858e+45
1.30311e+17 1.16858e+45
1.30343e+17 1.16858e+45
1.30374e+17 1.16858e+45
1.30406e+17 1.16858e+45
1.30437e+17 1.16858e+45
1.30469e+17 1.16858e+45
1.30501e+17 1.16858e+45
1.30532e+17 1.16858e+45
1.30564e+17 1.16858e+45
1.30595e+17 1.16858e+45
1.30627e+17 1.16858e+45
1.30658e+17 1.16858e+45
1.3069e+17 1.16858e+45
1.30722e+17 1.16858e+45
1.30753e+17 1.16858e+45
1.30785e+17 1.16858e+45
1.30816e+17 1.16858e+45
1.30848e+17 1.16858e+45
1.30879e+17 1.16858e+45
1.30911e+17 1.16858e+45
1.30942e+17 1.16858e+45
1.30974e+17 1.16858e+45
1.31006e+17 1.16858e+45
1.31037e+17 1.16858e+45
1.31069e+17 1.16858e+45
1.311e+17 1.16858e+45
1.31132e+17 1.16858e+45
1.31163e+17 1.16858e+45
1.31195e+17 1.16858e+45
1.31226e+17 1.16858e+45
1.31258e+17 1.16858e+45
1.3129e+17 1.16858e+45
1.31321e+17 1.16858e+45
1.31353e+17 1.16858e+45
1.31384e+17 1.16858e+45
1.31416e+17 1.16858e+45
1.31447e+17 1.16858e+45
1.31479e+17 1.16858e+45
1.31511e+17 1.16858e+45
1.31542e+17 1.16858e+45
1.31574e+17 1.16858e+45
1.31605e+17 1.16858e+45
1.31637e+17 1.16858e+45
1.31668e+17 1.16858e+45
1.317e+17 1.16858e+45
1.31731e+17 1.16858e+45
1.31763e+17 1.16858e+45
1.31795e+17 1.16858e+45
1.31826e+17 1.16858e+45
1.31858e+17 1.16858e+45
1.31889e+17 1.16858e+45
1.31921e+17 1.16858e+45
1.31952e+17 1.16858e+45
1.31984e+17 1.16858e+45
1.32015e+17 1.16858e+45
1.32047e+17 1.16858e+45
1.32079e+17 1.16858e+45
1.3211e+17 1.16858e+45
1.32142e+17 1.16858e+45
1.32173e+17 1.16858e+45
1.32205e+17 1.16858e+45
1.32236e+17 1.16858e+45
1.32268e+17 1.16858e+45
1.323e+17 1.16858e+45
1.32331e+17 1.16858e+45
1.32363e+17 1.16858e+45
1.32394e+17 1.16858e+45
1.32426e+17 1.16858e+45
1.32457e+17 1.16858e+45
1.32489e+17 1.16858e+45
1.3252e+17 1.16858e+45
1.32552e+17 1.16858e+45
1.32584e+17 1.16858e+45
1.32615e+17 1.16858e+45
1.32647e+17 1.16858e+45
1.32678e+17 1.16858e+45
1.3271e+17 1.16858e+45
1.32741e+17 1.16858e+45
1.32773e+17 1.16858e+45
1.32804e+17 1.16858e+45
1.32836e+17 1.16858e+45
1.32868e+17 1.16858e+45
1.32899e+17 1.16858e+45
1.32931e+17 1.16858e+45
1.32962e+17 1.16858e+45
1.32994e+17 1.16858e+45
1.33025e+17 1.16858e+45
1.33057e+17 1.16858e+45
1.33089e+17 1.16858e+45
1.3312e+17 1.16858e+45
1.33152e+17 1.16858e+45
1.33183e+17 1.16858e+45
1.33215e+17 1.16858e+45
1.33246e+17 1.16858e+45
1.33278e+17 1.16858e+45
1.33309e+17 1.16858e+45
1.33341e+17 1.16858e+45
1.33373e+17 1.16858e+45
1.33404e+17 1.16858e+45
1.33436e+17 1.16858e+45
1.33467e+17 1.16858e+45
1.33499e+17 1.16858e+45
1.3353e+17 1.16858e+45
1.33562e+17 1.16858e+45
1.33593e+17 1.16858e+45
1.33625e+17 1.16858e+45
1.33657e+17 1.16858e+45
1.33688e+17 1.16858e+45
1.3372e+17 1.16858e+45
1.33751e+17 1.16858e+45
1.33783e+17 1.16858e+45
1.33814e+17 1.16858e+45
1.33846e+17 1.16858e+45
1.33878e+17 1.16858e+45
1.33909e+17 1.16858e+45
1.33941e+17 1.16858e+45
1.33972e+17 1.16858e+45
1.34004e+17 1.16858e+45
1.34035e+17 1.16858e+45
1.34067e+17 1.16858e+45
1.34098e+17 1.16858e+45
1.3413e+17 1.16858e+45
1.34162e+17 1.16858e+45
1.34193e+17 1.16858e+45
1.34225e+17 1.16858e+45
1.34256e+17 1.16858e+45
1.34288e+17 1.16858e+45
1.34319e+17 1.16858e+45
1.34351e+17 1.16858e+45
1.34382e+17 1.16858e+45
1.34414e+17 1.16858e+45
1.34446e+17 1.16858e+45
1.34477e+17 1.16858e+45
1.34509e+17 1.16858e+45
1.3454e+17 1.16858e+45
1.34572e+17 1.16858e+45
1.34603e+17 1.16858e+45
1.34635e+17 1.16858e+45
1.34667e+17 1.16858e+45
1.34698e+17 1.16858e+45
1.3473e+17 1.16858e+45
1.34761e+17 1.16858e+45
1.34793e+17 1.16858e+45
1.34824e+17 1.16858e+45
1.34856e+17 1.16858e+45
1.34887e+17 1.16858e+45
1.34919e+17 1.16858e+45
1.34951e+17 1.16858e+45
1.34982e+17 1.16858e+45
1.35014e+17 1.16858e+45
1.35045e+17 1.16858e+45
1.35077e+17 1.16858e+45
1.35108e+17 1.16858e+45
1.3514e+17 1.16858e+45
1.35171e+17 1.16858e+45
1.35203e+17 1.16858e+45
1.35235e+17 1.16858e+45
1.35266e+17 1.16858e+45
1.35298e+17 1.16858e+45
1.35329e+17 1.16858e+45
1.35361e+17 1.16858e+45
1.35392e+17 1.16858e+45
1.35424e+17 1.16858e+45
1.35456e+17 1.16858e+45
1.35487e+17 1.16858e+45
1.35519e+17 1.16858e+45
1.3555e+17 1.16858e+45
1.35582e+17 1.16858e+45
1.35613e+17 1.16858e+45
1.35645e+17 1.16858e+45
1.35676e+17 1.16858e+45
1.35708e+17 1.16858e+45
1.3574e+17 1.16858e+45
1.35771e+17 1.16858e+45
1.35803e+17 1.16858e+45
1.35834e+17 1.16858e+45
1.35866e+17 1.16858e+45
1.35897e+17 1.16858e+45
1.35929e+17 1.16858e+45
1.3596e+17 1.16858e+45
1.35992e+17 1.16858e+45
1.36024e+17 1.16858e+45
1.36055e+17 1.16858e+45
1.36087e+17 1.16858e+45
1.36118e+17 1.16858e+45
1.3615e+17 1.16858e+45
1.36181e+17 1.16858e+45
1.36213e+17 1.16858e+45
1.36245e+17 1.16858e+45
1.36276e+17 1.16858e+45
1.36308e+17 1.16858e+45
1.36339e+17 1.16858e+45
1.36371e+17 1.16858e+45
1.36402e+17 1.16858e+45
1.36434e+17 1.16858e+45
1.36465e+17 1.16858e+45
1.36497e+17 1.16858e+45
1.36529e+17 1.16858e+45
1.3656e+17 1.16858e+45
1.36592e+17 1.16858e+45
1.36623e+17 1.16858e+45
1.36655e+17 1.16858e+45
1.36686e+17 1.16858e+45
1.36718e+17 1.16858e+45
1.36749e+17 1.16858e+45
1.36781e+17 1.16858e+45
1.36813e+17 1.16858e+45
1.36844e+17 1.16858e+45
1.36876e+17 1.16858e+45
1.36907e+17 1.16858e+45
1.36939e+17 1.16858e+45
1.3697e+17 1.16858e+45
1.37002e+17 1.16858e+45
1.37034e+17 1.16858e+45
1.37065e+17 1.16858e+45
1.37097e+17 1.16858e+45
1.37128e+17 1.16858e+45
1.3716e+17 1.16858e+45
1.37191e+17 1.16858e+45
1.37223e+17 1.16858e+45
1.37254e+17 1.16858e+45
1.37286e+17 1.16858e+45
1.37318e+17 1.16858e+45
1.37349e+17 1.16858e+45
1.37381e+17 1.16858e+45
1.37412e+17 1.16858e+45
1.37444e+17 1.16858e+45
1.37475e+17 1.16858e+45
1.37507e+17 1.16858e+45
1.37538e+17 1.16858e+45
1.3757e+17 1.16858e+45
1.37602e+17 1.16858e+45
1.37633e+17 1.16858e+45
1.37665e+17 1.16858e+45
1.37696e+17 1.16858e+45
1.37728e+17 1.16858e+45
1.37759e+17 1.16858e+45
1.37791e+17 1.16858e+45
1.37823e+17 1.16858e+45
1.37854e+17 1.16858e+45
1.37886e+17 1.16858e+45
1.37917e+17 1.16858e+45
1.37949e+17 1.16858e+45
1.3798e+17 1.16858e+45
1.38012e+17 1.16858e+45
1.38043e+17 1.16858e+45
1.38075e+17 1.16858e+45
1.38107e+17 1.16858e+45
1.38138e+17 1.16858e+45
1.3817e+17 1.16858e+45
1.38201e+17 1.16858e+45
1.38233e+17 1.16858e+45
1.38264e+17 1.16858e+45
1.38296e+17 1.16858e+45
1.38327e+17 1.16858e+45
1.38359e+17 1.16858e+45
1.38391e+17 1.16858e+45
1.38422e+17 1.16858e+45
1.38454e+17 1.16858e+45
1.38485e+17 1.16858e+45
1.38517e+17 1.16858e+45
1.38548e+17 1.16858e+45
1.3858e+17 1.16858e+45
1.38612e+17 1.16858e+45
1.38643e+17 1.16858e+45
1.38675e+17 1.16858e+45
1.38706e+17 1.16858e+45
1.38738e+17 1.16858e+45
1.38769e+17 1.16858e+45
1.38801e+17 1.16858e+45
1.38832e+17 1.16858e+45
1.38864e+17 1.16858e+45
1.38896e+17 1.16858e+45
1.38927e+17 1.16858e+45
1.38959e+17 1.16858e+45
1.3899e+17 1.16858e+45
1.39022e+17 1.16858e+45
1.39053e+17 1.16858e+45
1.39085e+17 1.16858e+45
1.39116e+17 1.16858e+45
1.39148e+17 1.16858e+45
1.3918e+17 1.16858e+45
1.39211e+17 1.16858e+45
1.39243e+17 1.16858e+45
1.39274e+17 1.16858e+45
1.39306e+17 1.16858e+45
1.39337e+17 1.16858e+45
1.39369e+17 1.16858e+45
1.39401e+17 1.16858e+45
1.39432e+17 1.16858e+45
1.39464e+17 1.16858e+45
1.39495e+17 1.16858e+45
1.39527e+17 1.16858e+45
1.39558e+17 1.16858e+45
1.3959e+17 1.16858e+45
1.39621e+17 1.16858e+45
1.39653e+17 1.16858e+45
1.39685e+17 1.16858e+45
1.39716e+17 1.16858e+45
1.39748e+17 1.16858e+45
1.39779e+17 1.16858e+45
1.39811e+17 1.16858e+45
1.39842e+17 1.16858e+45
1.39874e+17 1.16858e+45
1.39905e+17 1.16858e+45
1.39937e+17 1.16858e+45
1.39969e+17 1.16858e+45
1.4e+17 1.16858e+45
1.40032e+17 1.16858e+45
1.40063e+17 1.16858e+45
1.40095e+17 1.16858e+45
1.40126e+17 1.16858e+45
1.40158e+17 1.16858e+45
1.4019e+17 1.16858e+45
1.40221e+17 1.16858e+45
1.40253e+17 1.16858e+45
1.40284e+17 1.16858e+45
1.40316e+17 1.16858e+45
1.40347e+17 1.16858e+45
1.40379e+17 1.16858e+45
1.4041e+17 1.16858e+45
1.40442e+17 1.16858e+45
1.40474e+17 1.16858e+45
1.40505e+17 1.16858e+45
1.40537e+17 1.16858e+45
1.40568e+17 1.16858e+45
1.406e+17 1.16858e+45
1.40631e+17 1.16858e+45
1.40663e+17 1.16858e+45
1.40694e+17 1.16858e+45
1.40726e+17 1.16858e+45
1.40758e+17 1.16858e+45
1.40789e+17 1.16858e+45
1.40821e+17 1.16858e+45
1.40852e+17 1.16858e+45
1.40884e+17 1.16858e+45
1.40915e+17 1.16858e+45
1.40947e+17 1.16858e+45
1.40979e+17 1.16858e+45
1.4101e+17 1.16858e+45
1.41042e+17 1.16858e+45
1.41073e+17 1.16858e+45
1.41105e+17 1.16858e+45
1.41136e+17 1.16858e+45
1.41168e+17 1.16858e+45
1.41199e+17 1.16858e+45
1.41231e+17 1.16858e+45
1.41263e+17 1.16858e+45
1.41294e+17 1.16858e+45
1.41326e+17 1.16858e+45
1.41357e+17 1.16858e+45
1.41389e+17 1.16858e+45
1.4142e+17 1.16858e+45
1.41452e+17 1.16858e+45
1.41483e+17 1.16858e+45
1.41515e+17 1.16858e+45
1.41547e+17 1.16858e+45
1.41578e+17 1.16858e+45
1.4161e+17 1.16858e+45
1.41641e+17 1.16858e+45
1.41673e+17 1.16858e+45
1.41704e+17 1.16858e+45
1.41736e+17 1.16858e+45
1.41768e+17 1.16858e+45
1.41799e+17 1.16858e+45
1.41831e+17 1.16858e+45
1.41862e+17 1.16858e+45
1.41894e+17 1.16858e+45
1.41925e+17 1.16858e+45
1.41957e+17 1.16858e+45
1.41988e+17 1.16858e+45
1.4202e+17 1.16858e+45
1.42052e+17 1.16858e+45
1.42083e+17 1.16858e+45
1.42115e+17 1.16858e+45
1.42146e+17 1.16858e+45
1.42178e+17 1.16858e+45
1.42209e+17 1.16858e+45
1.42241e+17 1.16858e+45
1.42272e+17 1.16858e+45
1.42304e+17 1.16858e+45
1.42336e+17 1.16858e+45
1.42367e+17 1.16858e+45
1.42399e+17 1.16858e+45
1.4243e+17 1.16858e+45
1.42462e+17 1.16858e+45
1.42493e+17 1.16858e+45
1.42525e+17 1.16858e+45
1.42557e+17 1.16858e+45
1.42588e+17 1.16858e+45
1.4262e+17 1.16858e+45
1.42651e+17 1.16858e+45
1.42683e+17 1.16858e+45
1.42714e+17 1.16858e+45
1.42746e+17 1.16858e+45
1.42777e+17 1.16858e+45
1.42809e+17 1.16858e+45
1.42841e+17 1.16858e+45
1.42872e+17 1.16858e+45
1.42904e+17 1.16858e+45
1.42935e+17 1.16858e+45
1.42967e+17 1.16858e+45
1.42998e+17 1.16858e+45
1.4303e+17 1.16858e+45
1.43061e+17 1.16858e+45
1.43093e+17 1.16858e+45
1.43125e+17 1.16858e+45
1.43156e+17 1.16858e+45
1.43188e+17 1.16858e+45
1.43219e+17 1.16858e+45
1.43251e+17 1.16858e+45
1.43282e+17 1.16858e+45
1.43314e+17 1.16858e+45
1.43346e+17 1.16858e+45
1.43377e+17 1.16858e+45
1.43409e+17 1.16858e+45
1.4344e+17 1.16858e+45
1.43472e+17 1.16858e+45
1.43503e+17 1.16858e+45
1.43535e+17 1.16858e+45
1.43566e+17 1.16858e+45
1.43598e+17 1.16858e+45
1.4363e+17 1.16858e+45
1.43661e+17 1.16858e+45
1.43693e+17 1.16858e+45
1.43724e+17 1.16858e+45
1.43756e+17 1.16858e+45
1.43787e+17 1.16858e+45
1.43819e+17 1.16858e+45
1.4385e+17 1.16858e+45
1.43882e+17 1.16858e+45
1.43914e+17 1.16858e+45
1.43945e+17 1.16858e+45
1.43977e+17 1.16858e+45
1.44008e+17 1.16858e+45
1.4404e+17 1.16858e+45
1.44071e+17 1.16858e+45
1.44103e+17 1.16858e+45
1.44135e+17 1.16858e+45
1.44166e+17 1.16858e+45
1.44198e+17 1.16858e+45
1.44229e+17 1.16858e+45
1.44261e+17 1.16858e+45
1.44292e+17 1.16858e+45
1.44324e+17 1.16858e+45
1.44355e+17 1.16858e+45
1.44387e+17 1.16858e+45
1.44419e+17 1.16858e+45
1.4445e+17 1.16858e+45
1.44482e+17 1.16858e+45
1.44513e+17 1.16858e+45
1.44545e+17 1.16858e+45
1.44576e+17 1.16858e+45
1.44608e+17 1.16858e+45
1.44639e+17 1.16858e+45
1.44671e+17 1.16858e+45
1.44703e+17 1.16858e+45
1.44734e+17 1.16858e+45
1.44766e+17 1.16858e+45
1.44797e+17 1.16858e+45
1.44829e+17 1.16858e+45
1.4486e+17 1.16858e+45
1.44892e+17 1.16858e+45
1.44924e+17 1.16858e+45
1.44955e+17 1.16858e+45
1.44987e+17 1.16858e+45
1.45018e+17 1.16858e+45
1.4505e+17 1.16858e+45
1.45081e+17 1.16858e+45
1.45113e+17 1.16858e+45
1.45144e+17 1.16858e+45
1.45176e+17 1.16858e+45
1.45208e+17 1.16858e+45
1.45239e+17 1.16858e+45
1.45271e+17 1.16858e+45
1.45302e+17 1.16858e+45
1.45334e+17 1.16858e+45
1.45365e+17 1.16858e+45
1.45397e+17 1.16858e+45
1.45428e+17 1.16858e+45
1.4546e+17 1.16858e+45
1.45492e+17 1.16858e+45
1.45523e+17 1.16858e+45
1.45555e+17 1.16858e+45
1.45586e+17 1.16858e+45
1.45618e+17 1.16858e+45
1.45649e+17 1.16858e+45
1.45681e+17 1.16858e+45
1.45713e+17 1.16858e+45
1.45744e+17 1.16858e+45
1.45776e+17 1.16858e+45
1.45807e+17 1.16858e+45
1.45839e+17 1.16858e+45
1.4587e+17 1.16858e+45
1.45902e+17 1.16858e+45
1.45933e+17 1.16858e+45
1.45965e+17 1.16858e+45
1.45997e+17 1.16858e+45
1.46028e+17 1.16858e+45
1.4606e+17 1.16858e+45
1.46091e+17 1.16858e+45
1.46123e+17 1.16858e+45
1.46154e+17 1.16858e+45
1.46186e+17 1.16858e+45
1.46217e+17 1.16858e+45
1.46249e+17 1.16858e+45
1.46281e+17 1.16858e+45
1.46312e+17 1.16858e+45
1.46344e+17 1.16858e+45
1.46375e+17 1.16858e+45
1.46407e+17 1.16858e+45
1.46438e+17 1.16858e+45
1.4647e+17 1.16858e+45
1.46502e+17 1.16858e+45
1.46533e+17 1.16858e+45
1.46565e+17 1.16858e+45
1.46596e+17 1.16858e+45
1.46628e+17 1.16858e+45
1.46659e+17 1.16858e+45
1.46691e+17 1.16858e+45
1.46722e+17 1.16858e+45
1.46754e+17 1.16858e+45
1.46786e+17 1.16858e+45
1.46817e+17 1.16858e+45
1.46849e+17 1.16858e+45
1.4688e+17 1.16858e+45
1.46912e+17 1.16858e+45
1.46943e+17 1.16858e+45
1.46975e+17 1.16858e+45
1.47006e+17 1.16858e+45
1.47038e+17 1.16858e+45
1.4707e+17 1.16858e+45
1.47101e+17 1.16858e+45
1.47133e+17 1.16858e+45
1.47164e+17 1.16858e+45
1.47196e+17 1.16858e+45
1.47227e+17 1.16858e+45
1.47259e+17 1.16858e+45
1.47291e+17 1.16858e+45
1.47322e+17 1.16858e+45
1.47354e+17 1.16858e+45
1.47385e+17 1.16858e+45
1.47417e+17 1.16858e+45
1.47448e+17 1.16858e+45
1.4748e+17 1.16858e+45
1.47511e+17 1.16858e+45
1.47543e+17 1.16858e+45
1.47575e+17 1.16858e+45
1.47606e+17 1.16858e+45
1.47638e+17 1.16858e+45
1.47669e+17 1.16858e+45
1.47701e+17 1.16858e+45
1.47732e+17 1.16858e+45
1.47764e+17 1.16858e+45
1.47795e+17 1.16858e+45
1.47827e+17 1.16858e+45
1.47859e+17 1.16858e+45
1.4789e+17 1.16858e+45
1.47922e+17 1.16858e+45
1.47953e+17 1.16858e+45
1.47985e+17 1.16858e+45
1.48016e+17 1.16858e+45
1.48048e+17 1.16858e+45
1.4808e+17 1.16858e+45
1.48111e+17 1.16858e+45
1.48143e+17 1.16858e+45
1.48174e+17 1.16858e+45
1.48206e+17 1.16858e+45
1.48237e+17 1.16858e+45
1.48269e+17 1.16858e+45
1.483e+17 1.16858e+45
1.48332e+17 1.16858e+45
1.48364e+17 1.16858e+45
1.48395e+17 1.16858e+45
1.48427e+17 1.16858e+45
1.48458e+17 1.16858e+45
1.4849e+17 1.16858e+45
1.48521e+17 1.16858e+45
1.48553e+17 1.16858e+45
1.48584e+17 1.16858e+45
1.48616e+17 1.16858e+45
1.48648e+17 1.16858e+45
1.48679e+17 1.16858e+45
1.48711e+17 1.16858e+45
1.48742e+17 1.16858e+45
1.48774e+17 1.16858e+45
1.48805e+17 1.16858e+45
1.48837e+17 1.16858e+45
1.48869e+17 1.16858e+45
1.489e+17 1.16858e+45
1.48932e+17 1.16858e+45
1.48963e+17 1.16858e+45
1.48995e+17 1.16858e+45
1.49026e+17 1.16858e+45
1.49058e+17 1.16858e+45
1.49089e+17 1.16858e+45
1.49121e+17 1.16858e+45
1.49153e+17 1.16858e+45
1.49184e+17 1.16858e+45
1.49216e+17 1.16858e+45
1.49247e+17 1.16858e+45
1.49279e+17 1.16858e+45
1.4931e+17 1.16858e+45
1.49342e+17 1.16858e+45
1.49373e+17 1.16858e+45
1.49405e+17 1.16858e+45
1.49437e+17 1.16858e+45
1.49468e+17 1.16858e+45
1.495e+17 1.16858e+45
1.49531e+17 1.16858e+45
1.49563e+17 1.16858e+45
1.49594e+17 1.16858e+45
1.49626e+17 1.16858e+45
1.49658e+17 1.16858e+45
1.49689e+17 1.16858e+45
1.49721e+17 1.16858e+45
1.49752e+17 1.16858e+45
1.49784e+17 1.16858e+45
1.49815e+17 1.16858e+45
1.49847e+17 1.16858e+45
1.49878e+17 1.16858e+45
1.4991e+17 1.16858e+45
1.49942e+17 1.16858e+45
1.49973e+17 1.16858e+45
1.50005e+17 1.16858e+45
1.50036e+17 1.16858e+45
1.50068e+17 1.16858e+45
1.50099e+17 1.16858e+45
1.50131e+17 1.16858e+45
1.50162e+17 1.16858e+45
1.50194e+17 1.16858e+45
1.50226e+17 1.16858e+45
1.50257e+17 1.16858e+45
1.50289e+17 1.16858e+45
1.5032e+17 1.16858e+45
1.50352e+17 1.16858e+45
1.50383e+17 1.16858e+45
1.50415e+17 1.16858e+45
1.50447e+17 1.16858e+45
1.50478e+17 1.16858e+45
1.5051e+17 1.16858e+45
1.50541e+17 1.16858e+45
1.50573e+17 1.16858e+45
1.50604e+17 1.16858e+45
1.50636e+17 1.16858e+45
1.50667e+17 1.16858e+45
1.50699e+17 1.16858e+45
1.50731e+17 1.16858e+45
1.50762e+17 1.16858e+45
1.50794e+17 1.16858e+45
1.50825e+17 1.16858e+45
1.50857e+17 1.16858e+45
1.50888e+17 1.16858e+45
1.5092e+17 1.16858e+45
1.50951e+17 1.16858e+45
1.50983e+17 1.16858e+45
1.51015e+17 1.16858e+45
1.51046e+17 1.16858e+45
1.51078e+17 1.16858e+45
1.51109e+17 1.16858e+45
1.51141e+17 1.16858e+45
1.51172e+17 1.16858e+45
1.51204e+17 1.16858e+45
1.51236e+17 1.16858e+45
1.51267e+17 1.16858e+45
1.51299e+17 1.16858e+45
1.5133e+17 1.16858e+45
1.51362e+17 1.16858e+45
1.51393e+17 1.16858e+45
1.51425e+17 1.16858e+45
1.51456e+17 1.16858e+45
1.51488e+17 1.16858e+45
1.5152e+17 1.16858e+45
1.51551e+17 1.16858e+45
1.51583e+17 1.16858e+45
1.51614e+17 1.16858e+45
1.51646e+17 1.16858e+45
1.51677e+17 1.16858e+45
1.51709e+17 1.16858e+45
1.5174e+17 1.16858e+45
1.51772e+17 1.16858e+45
1.51804e+17 1.16858e+45
1.51835e+17 1.16858e+45
1.51867e+17 1.16858e+45
1.51898e+17 1.16858e+45
1.5193e+17 1.16858e+45
1.51961e+17 1.16858e+45
1.51993e+17 1.16858e+45
1.52025e+17 1.16858e+45
1.52056e+17 1.16858e+45
1.52088e+17 1.16858e+45
1.52119e+17 1.16858e+45
1.52151e+17 1.16858e+45
1.52182e+17 1.16858e+45
1.52214e+17 1.16858e+45
1.52245e+17 1.16858e+45
1.52277e+17 1.16858e+45
1.52309e+17 1.16858e+45
1.5234e+17 1.16858e+45
1.52372e+17 1.16858e+45
1.52403e+17 1.16858e+45
1.52435e+17 1.16858e+45
1.52466e+17 1.16858e+45
1.52498e+17 1.16858e+45
1.52529e+17 1.16858e+45
1.52561e+17 1.16858e+45
1.52593e+17 1.16858e+45
1.52624e+17 1.16858e+45
1.52656e+17 1.16858e+45
1.52687e+17 1.16858e+45
1.52719e+17 1.16858e+45
1.5275e+17 1.16858e+45
1.52782e+17 1.16858e+45
1.52814e+17 1.16858e+45
1.52845e+17 1.16858e+45
1.52877e+17 1.16858e+45
1.52908e+17 1.16858e+45
1.5294e+17 1.16858e+45
1.52971e+17 1.16858e+45
1.53003e+17 1.16858e+45
1.53034e+17 1.16858e+45
1.53066e+17 1.16858e+45
1.53098e+17 1.16858e+45
1.53129e+17 1.16858e+45
1.53161e+17 1.16858e+45
1.53192e+17 1.16858e+45
1.53224e+17 1.16858e+45
1.53255e+17 1.16858e+45
1.53287e+17 1.16858e+45
1.53318e+17 1.16858e+45
1.5335e+17 1.16858e+45
1.53382e+17 1.16858e+45
1.53413e+17 1.16858e+45
1.53445e+17 1.16858e+45
1.53476e+17 1.16858e+45
1.53508e+17 1.16858e+45
1.53539e+17 1.16858e+45
1.53571e+17 1.16858e+45
1.53603e+17 1.16858e+45
1.53634e+17 1.16858e+45
1.53666e+17 1.16858e+45
1.53697e+17 1.16858e+45
1.53729e+17 1.16858e+45
1.5376e+17 1.16858e+45
1.53792e+17 1.16858e+45
1.53823e+17 1.16858e+45
1.53855e+17 1.16858e+45
1.53887e+17 1.16858e+45
1.53918e+17 1.16858e+45
1.5395e+17 1.16858e+45
1.53981e+17 1.16858e+45
1.54013e+17 1.16858e+45
1.54044e+17 1.16858e+45
1.54076e+17 1.16858e+45
1.54107e+17 1.16858e+45
1.54139e+17 1.16858e+45
1.54171e+17 1.16858e+45
1.54202e+17 1.16858e+45
1.54234e+17 1.16858e+45
1.54265e+17 1.16858e+45
1.54297e+17 1.16858e+45
1.54328e+17 1.16858e+45
1.5436e+17 1.16858e+45
1.54392e+17 1.16858e+45
1.54423e+17 1.16858e+45
1.54455e+17 1.16858e+45
1.54486e+17 1.16858e+45
1.54518e+17 1.16858e+45
1.54549e+17 1.16858e+45
1.54581e+17 1.16858e+45
1.54612e+17 1.16858e+45
1.54644e+17 1.16858e+45
1.54676e+17 1.16858e+45
1.54707e+17 1.16858e+45
1.54739e+17 1.16858e+45
1.5477e+17 1.16858e+45
1.54802e+17 1.16858e+45
1.54833e+17 1.16858e+45
1.54865e+17 1.16858e+45
1.54896e+17 1.16858e+45
1.54928e+17 1.16858e+45
1.5496e+17 1.16858e+45
1.54991e+17 1.16858e+45
1.55023e+17 1.16858e+45
1.55054e+17 1.16858e+45
1.55086e+17 1.16858e+45
1.55117e+17 1.16858e+45
1.55149e+17 1.16858e+45
1.55181e+17 1.16858e+45
1.55212e+17 1.16858e+45
1.55244e+17 1.16858e+45
1.55275e+17 1.16858e+45
1.55307e+17 1.16858e+45
1.55338e+17 1.16858e+45
1.5537e+17 1.16858e+45
1.55401e+17 1.16858e+45
1.55433e+17 1.16858e+45
1.55465e+17 1.16858e+45
1.55496e+17 1.16858e+45
1.55528e+17 1.16858e+45
1.55559e+17 1.16858e+45
1.55591e+17 1.16858e+45
1.55622e+17 1.16858e+45
1.55654e+17 1.16858e+45
1.55685e+17 1.16858e+45
1.55717e+17 1.16858e+45
1.55749e+17 1.16858e+45
1.5578e+17 1.16858e+45
1.55812e+17 1.16858e+45
1.55843e+17 1.16858e+45
1.55875e+17 1.16858e+45
1.55906e+17 1.16858e+45
1.55938e+17 1.16858e+45
1.5597e+17 1.16858e+45
1.56001e+17 1.16858e+45
1.56033e+17 1.16858e+45
1.56064e+17 1.16858e+45
1.56096e+17 1.16858e+45
1.56127e+17 1.16858e+45
1.56159e+17 1.16858e+45
1.5619e+17 1.16858e+45
1.56222e+17 1.16858e+45
1.56254e+17 1.16858e+45
1.56285e+17 1.16858e+45
1.56317e+17 1.16858e+45
1.56348e+17 1.16858e+45
1.5638e+17 1.16858e+45
1.56411e+17 1.16858e+45
1.56443e+17 1.16858e+45
1.56474e+17 1.16858e+45
1.56506e+17 1.16858e+45
1.56538e+17 1.16858e+45
1.56569e+17 1.16858e+45
1.56601e+17 1.16858e+45
1.56632e+17 1.16858e+45
1.56664e+17 1.16858e+45
1.56695e+17 1.16858e+45
1.56727e+17 1.16858e+45
1.56759e+17 1.16858e+45
1.5679e+17 1.16858e+45
1.56822e+17 1.16858e+45
1.56853e+17 1.16858e+45
1.56885e+17 1.16858e+45
1.56916e+17 1.16858e+45
1.56948e+17 1.16858e+45
1.56979e+17 1.16858e+45
1.57011e+17 1.16858e+45
1.57043e+17 1.16858e+45
1.57074e+17 1.16858e+45
1.57106e+17 1.16858e+45
1.57137e+17 1.16858e+45
1.57169e+17 1.16858e+45
1.572e+17 1.16858e+45
1.57232e+17 1.16858e+45
1.57263e+17 1.16858e+45
1.57295e+17 1.16858e+45
1.57327e+17 1.16858e+45
1.57358e+17 1.16858e+45
1.5739e+17 1.16858e+45
1.57421e+17 1.16858e+45
1.57453e+17 1.16858e+45
1.57484e+17 1.16858e+45
1.57516e+17 1.16858e+45
1.57548e+17 1.16858e+45
1.57579e+17 1.16858e+45
1.57611e+17 1.16858e+45
1.57642e+17 1.16858e+45
1.57674e+17 1.16858e+45
1.57705e+17 1.16858e+45
1.57737e+17 1.16858e+45
1.57768e+17 1.16858e+45
1.578e+17 1.16858e+45
1.57832e+17 1.16858e+45
1.57863e+17 1.16858e+45
1.57895e+17 1.16858e+45
1.57926e+17 1.16858e+45
1.57958e+17 1.16858e+45
1.57989e+17 1.16858e+45
1.58021e+17 1.16858e+45
1.58052e+17 1.16858e+45
1.58084e+17 1.16858e+45
1.58116e+17 1.16858e+45
1.58147e+17 1.16858e+45
1.58179e+17 1.16858e+45
1.5821e+17 1.16858e+45
1.58242e+17 1.16858e+45
1.58273e+17 1.16858e+45
1.58305e+17 1.16858e+45
1.58337e+17 1.16858e+45
1.58368e+17 1.16858e+45
1.584e+17 1.16858e+45
1.58431e+17 1.16858e+45
1.58463e+17 1.16858e+45
1.58494e+17 1.16858e+45
1.58526e+17 1.16858e+45
1.58557e+17 1.16858e+45
1.58589e+17 1.16858e+45
1.58621e+17 1.16858e+45
1.58652e+17 1.16858e+45
1.58684e+17 1.16858e+45
1.58715e+17 1.16858e+45
1.58747e+17 1.16858e+45
1.58778e+17 1.16858e+45
1.5881e+17 1.16858e+45
1.58841e+17 1.16858e+45
1.58873e+17 1.16858e+45
1.58905e+17 1.16858e+45
1.58936e+17 1.16858e+45
1.58968e+17 1.16858e+45
1.58999e+17 1.16858e+45
1.59031e+17 1.16858e+45
1.59062e+17 1.16858e+45
1.59094e+17 1.16858e+45
1.59126e+17 1.16858e+45
1.59157e+17 1.16858e+45
1.59189e+17 1.16858e+45
1.5922e+17 1.16858e+45
1.59252e+17 1.16858e+45
1.59283e+17 1.16858e+45
1.59315e+17 1.16858e+45
1.59346e+17 1.16858e+45
1.59378e+17 1.16858e+45
1.5941e+17 1.16858e+45
1.59441e+17 1.16858e+45
1.59473e+17 1.16858e+45
1.59504e+17 1.16858e+45
1.59536e+17 1.16858e+45
1.59567e+17 1.16858e+45
1.59599e+17 1.16858e+45
1.5963e+17 1.16858e+45
1.59662e+17 1.16858e+45
1.59694e+17 1.16858e+45
1.59725e+17 1.16858e+45
1.59757e+17 1.16858e+45
1.59788e+17 1.16858e+45
1.5982e+17 1.16858e+45
1.59851e+17 1.16858e+45
1.59883e+17 1.16858e+45
1.59915e+17 1.16858e+45
1.59946e+17 1.16858e+45
1.59978e+17 1.16858e+45
1.60009e+17 1.16858e+45
1.60041e+17 1.16858e+45
1.60072e+17 1.16858e+45
1.60104e+17 1.16858e+45
1.60135e+17 1.16858e+45
1.60167e+17 1.16858e+45
1.60199e+17 1.16858e+45
1.6023e+17 1.16858e+45
1.60262e+17 1.16858e+45
1.60293e+17 1.16858e+45
1.60325e+17 1.16858e+45
1.60356e+17 1.16858e+45
1.60388e+17 1.16858e+45
1.60419e+17 1.16858e+45
1.60451e+17 1.16858e+45
1.60483e+17 1.16858e+45
1.60514e+17 1.16858e+45
1.60546e+17 1.16858e+45
1.60577e+17 1.16858e+45
1.60609e+17 1.16858e+45
1.6064e+17 1.16858e+45
1.60672e+17 1.16858e+45
1.60704e+17 1.16858e+45
1.60735e+17 1.16858e+45
1.60767e+17 1.16858e+45
1.60798e+17 1.16858e+45
1.6083e+17 1.16858e+45
1.60861e+17 1.16858e+45
1.60893e+17 1.16858e+45
1.60924e+17 1.16858e+45
1.60956e+17 1.16858e+45
1.60988e+17 1.16858e+45
1.61019e+17 1.16858e+45
1.61051e+17 1.16858e+45
1.61082e+17 1.16858e+45
1.61114e+17 1.16858e+45
1.61145e+17 1.16858e+45
1.61177e+17 1.16858e+45
1.61208e+17 1.16858e+45
1.6124e+17 1.16858e+45
1.61272e+17 1.16858e+45
1.61303e+17 1.16858e+45
1.61335e+17 1.16858e+45
1.61366e+17 1.16858e+45
1.61398e+17 1.16858e+45
1.61429e+17 1.16858e+45
1.61461e+17 1.16858e+45
1.61493e+17 1.16858e+45
1.61524e+17 1.16858e+45
1.61556e+17 1.16858e+45
1.61587e+17 1.16858e+45
1.61619e+17 1.16858e+45
1.6165e+17 1.16858e+45
1.61682e+17 1.16858e+45
1.61713e+17 1.16858e+45
1.61745e+17 1.16858e+45
1.61777e+17 1.16858e+45
1.61808e+17 1.16858e+45
1.6184e+17 1.16858e+45
1.61871e+17 1.16858e+45
1.61903e+17 1.16858e+45
1.61934e+17 1.16858e+45
1.61966e+17 1.16858e+45
1.61997e+17 1.16858e+45
1.62029e+17 1.16858e+45
1.62061e+17 1.16858e+45
1.62092e+17 1.16858e+45
1.62124e+17 1.16858e+45
1.62155e+17 1.16858e+45
1.62187e+17 1.16858e+45
1.62218e+17 1.16858e+45
1.6225e+17 1.16858e+45
1.62282e+17 1.16858e+45
1.62313e+17 1.16858e+45
1.62345e+17 1.16858e+45
1.62376e+17 1.16858e+45
1.62408e+17 1.16858e+45
1.62439e+17 1.16858e+45
1.62471e+17 1.16858e+45
1.62502e+17 1.16858e+45
1.62534e+17 1.16858e+45
1.62566e+17 1.16858e+45
1.62597e+17 1.16858e+45
1.62629e+17 1.16858e+45
1.6266e+17 1.16858e+45
1.62692e+17 1.16858e+45
1.62723e+17 1.16858e+45
1.62755e+17 1.16858e+45
1.62786e+17 1.16858e+45
1.62818e+17 1.16858e+45
1.6285e+17 1.16858e+45
1.62881e+17 1.16858e+45
1.62913e+17 1.16858e+45
1.62944e+17 1.16858e+45
1.62976e+17 1.16858e+45
1.63007e+17 1.16858e+45
1.63039e+17 1.16858e+45
1.63071e+17 1.16858e+45
1.63102e+17 1.16858e+45
1.63134e+17 1.16858e+45
1.63165e+17 1.16858e+45
1.63197e+17 1.16858e+45
1.63228e+17 1.16858e+45
1.6326e+17 1.16858e+45
1.63291e+17 1.16858e+45
1.63323e+17 1.16858e+45
1.63355e+17 1.16858e+45
1.63386e+17 1.16858e+45
1.63418e+17 1.16858e+45
1.63449e+17 1.16858e+45
1.63481e+17 1.16858e+45
1.63512e+17 1.16858e+45
1.63544e+17 1.16858e+45
1.63575e+17 1.16858e+45
1.63607e+17 1.16858e+45
1.63639e+17 1.16858e+45
1.6367e+17 1.16858e+45
1.63702e+17 1.16858e+45
1.63733e+17 1.16858e+45
1.63765e+17 1.16858e+45
1.63796e+17 1.16858e+45
1.63828e+17 1.16858e+45
1.6386e+17 1.16858e+45
1.63891e+17 1.16858e+45
1.63923e+17 1.16858e+45
1.63954e+17 1.16858e+45
1.63986e+17 1.16858e+45
1.64017e+17 1.16858e+45
1.64049e+17 1.16858e+45
1.6408e+17 1.16858e+45
1.64112e+17 1.16858e+45
1.64144e+17 1.16858e+45
1.64175e+17 1.16858e+45
1.64207e+17 1.16858e+45
1.64238e+17 1.16858e+45
1.6427e+17 1.16858e+45
1.64301e+17 1.16858e+45
1.64333e+17 1.16858e+45
1.64364e+17 1.16858e+45
1.64396e+17 1.16858e+45
1.64428e+17 1.16858e+45
1.64459e+17 1.16858e+45
1.64491e+17 1.16858e+45
1.64522e+17 1.16858e+45
1.64554e+17 1.16858e+45
1.64585e+17 1.16858e+45
1.64617e+17 1.16858e+45
1.64649e+17 1.16858e+45
1.6468e+17 1.16858e+45
1.64712e+17 1.16858e+45
1.64743e+17 1.16858e+45
1.64775e+17 1.16858e+45
1.64806e+17 1.16858e+45
1.64838e+17 1.16858e+45
1.64869e+17 1.16858e+45
1.64901e+17 1.16858e+45
1.64933e+17 1.16858e+45
1.64964e+17 1.16858e+45
1.64996e+17 1.16858e+45
1.65027e+17 1.16858e+45
1.65059e+17 1.16858e+45
1.6509e+17 1.16858e+45
1.65122e+17 1.16858e+45
1.65153e+17 1.16858e+45
1.65185e+17 1.16858e+45
1.65217e+17 1.16858e+45
1.65248e+17 1.16858e+45
1.6528e+17 1.16858e+45
1.65311e+17 1.16858e+45
1.65343e+17 1.16858e+45
1.65374e+17 1.16858e+45
1.65406e+17 1.16858e+45
1.65438e+17 1.16858e+45
1.65469e+17 1.16858e+45
1.65501e+17 1.16858e+45
1.65532e+17 1.16858e+45
1.65564e+17 1.16858e+45
1.65595e+17 1.16858e+45
1.65627e+17 1.16858e+45
1.65658e+17 1.16858e+45
1.6569e+17 1.16858e+45
1.65722e+17 1.16858e+45
1.65753e+17 1.16858e+45
1.65785e+17 1.16858e+45
1.65816e+17 1.16858e+45
1.65848e+17 1.16858e+45
1.65879e+17 1.16858e+45
1.65911e+17 1.16858e+45
1.65942e+17 1.16858e+45
1.65974e+17 1.16858e+45
1.66006e+17 1.16858e+45
1.66037e+17 1.16858e+45
1.66069e+17 1.16858e+45
1.661e+17 1.16858e+45
1.66132e+17 1.16858e+45
1.66163e+17 1.16858e+45
1.66195e+17 1.16858e+45
1.66227e+17 1.16858e+45
1.66258e+17 1.16858e+45
1.6629e+17 1.16858e+45
1.66321e+17 1.16858e+45
1.66353e+17 1.16858e+45
1.66384e+17 1.16858e+45
1.66416e+17 1.16858e+45
1.66447e+17 1.16858e+45
1.66479e+17 1.16858e+45
1.66511e+17 1.16858e+45
1.66542e+17 1.16858e+45
1.66574e+17 1.16858e+45
1.66605e+17 1.16858e+45
1.66637e+17 1.16858e+45
1.66668e+17 1.16858e+45
1.667e+17 1.16858e+45
1.66731e+17 1.16858e+45
1.66763e+17 1.16858e+45
1.66795e+17 1.16858e+45
1.66826e+17 1.16858e+45
1.66858e+17 1.16858e+45
1.66889e+17 1.16858e+45
1.66921e+17 1.16858e+45
1.66952e+17 1.16858e+45
1.66984e+17 1.16858e+45
1.67016e+17 1.16858e+45
1.67047e+17 1.16858e+45
1.67079e+17 1.16858e+45
1.6711e+17 1.16858e+45
1.67142e+17 1.16858e+45
1.67173e+17 1.16858e+45
1.67205e+17 1.16858e+45
1.67236e+17 1.16858e+45
1.67268e+17 1.16858e+45
1.673e+17 1.16858e+45
1.67331e+17 1.16858e+45
1.67363e+17 1.16858e+45
1.67394e+17 1.16858e+45
1.67426e+17 1.16858e+45
1.67457e+17 1.16858e+45
1.67489e+17 1.16858e+45
1.6752e+17 1.16858e+45
1.67552e+17 1.16858e+45
1.67584e+17 1.16858e+45
1.67615e+17 1.16858e+45
1.67647e+17 1.16858e+45
1.67678e+17 1.16858e+45
1.6771e+17 1.16858e+45
1.67741e+17 1.16858e+45
1.67773e+17 1.16858e+45
1.67805e+17 1.16858e+45
1.67836e+17 1.16858e+45
1.67868e+17 1.16858e+45
1.67899e+17 1.16858e+45
1.67931e+17 1.16858e+45
1.67962e+17 1.16858e+45
1.67994e+17 1.16858e+45
1.68025e+17 1.16858e+45
1.68057e+17 1.16858e+45
1.68089e+17 1.16858e+45
1.6812e+17 1.16858e+45
1.68152e+17 1.16858e+45
1.68183e+17 1.16858e+45
1.68215e+17 1.16858e+45
1.68246e+17 1.16858e+45
1.68278e+17 1.16858e+45
1.68309e+17 1.16858e+45
1.68341e+17 1.16858e+45
1.68373e+17 1.16858e+45
1.68404e+17 1.16858e+45
1.68436e+17 1.16858e+45
1.68467e+17 1.16858e+45
1.68499e+17 1.16858e+45
1.6853e+17 1.16858e+45
1.68562e+17 1.16858e+45
1.68594e+17 1.16858e+45
1.68625e+17 1.16858e+45
1.68657e+17 1.16858e+45
1.68688e+17 1.16858e+45
1.6872e+17 1.16858e+45
1.68751e+17 1.16858e+45
1.68783e+17 1.16858e+45
1.68814e+17 1.16858e+45
1.68846e+17 1.16858e+45
1.68878e+17 1.16858e+45
1.68909e+17 1.16858e+45
1.68941e+17 1.16858e+45
1.68972e+17 1.16858e+45
1.69004e+17 1.16858e+45
1.69035e+17 1.16858e+45
1.69067e+17 1.16858e+45
1.69098e+17 1.16858e+45
1.6913e+17 1.16858e+45
1.69162e+17 1.16858e+45
1.69193e+17 1.16858e+45
1.69225e+17 1.16858e+45
1.69256e+17 1.16858e+45
1.69288e+17 1.16858e+45
1.69319e+17 1.16858e+45
1.69351e+17 1.16858e+45
1.69383e+17 1.16858e+45
1.69414e+17 1.16858e+45
1.69446e+17 1.16858e+45
1.69477e+17 1.16858e+45
1.69509e+17 1.16858e+45
1.6954e+17 1.16858e+45
1.69572e+17 1.16858e+45
1.69603e+17 1.16858e+45
1.69635e+17 1.16858e+45
1.69667e+17 1.16858e+45
1.69698e+17 1.16858e+45
1.6973e+17 1.16858e+45
1.69761e+17 1.16858e+45
1.69793e+17 1.16858e+45
1.69824e+17 1.16858e+45
1.69856e+17 1.16858e+45
1.69887e+17 1.16858e+45
1.69919e+17 1.16858e+45
1.69951e+17 1.16858e+45
1.69982e+17 1.16858e+45
1.70014e+17 1.16858e+45
1.70045e+17 1.16858e+45
1.70077e+17 1.16858e+45
1.70108e+17 1.16858e+45
1.7014e+17 1.16858e+45
1.70172e+17 1.16858e+45
1.70203e+17 1.16858e+45
1.70235e+17 1.16858e+45
1.70266e+17 1.16858e+45
1.70298e+17 1.16858e+45
1.70329e+17 1.16858e+45
1.70361e+17 1.16858e+45
1.70392e+17 1.16858e+45
1.70424e+17 1.16858e+45
1.70456e+17 1.16858e+45
1.70487e+17 1.16858e+45
1.70519e+17 1.16858e+45
1.7055e+17 1.16858e+45
1.70582e+17 1.16858e+45
1.70613e+17 1.16858e+45
1.70645e+17 1.16858e+45
1.70676e+17 1.16858e+45
1.70708e+17 1.16858e+45
1.7074e+17 1.16858e+45
1.70771e+17 1.16858e+45
1.70803e+17 1.16858e+45
1.70834e+17 1.16858e+45
1.70866e+17 1.16858e+45
1.70897e+17 1.16858e+45
1.70929e+17 1.16858e+45
1.70961e+17 1.16858e+45
1.70992e+17 1.16858e+45
1.71024e+17 1.16858e+45
1.71055e+17 1.16858e+45
1.71087e+17 1.16858e+45
1.71118e+17 1.16858e+45
1.7115e+17 1.16858e+45
1.71181e+17 1.16858e+45
1.71213e+17 1.16858e+45
1.71245e+17 1.16858e+45
1.71276e+17 1.16858e+45
1.71308e+17 1.16858e+45
1.71339e+17 1.16858e+45
1.71371e+17 1.16858e+45
1.71402e+17 1.16858e+45
1.71434e+17 1.16858e+45
1.71465e+17 1.16858e+45
1.71497e+17 1.16858e+45
1.71529e+17 1.16858e+45
1.7156e+17 1.16858e+45
1.71592e+17 1.16858e+45
1.71623e+17 1.16858e+45
1.71655e+17 1.16858e+45
1.71686e+17 1.16858e+45
1.71718e+17 1.16858e+45
1.7175e+17 1.16858e+45
1.71781e+17 1.16858e+45
1.71813e+17 1.16858e+45
1.71844e+17 1.16858e+45
1.71876e+17 1.16858e+45
1.71907e+17 1.16858e+45
1.71939e+17 1.16858e+45
1.7197e+17 1.16858e+45
1.72002e+17 1.16858e+45
1.72034e+17 1.16858e+45
1.72065e+17 1.16858e+45
1.72097e+17 1.16858e+45
1.72128e+17 1.16858e+45
1.7216e+17 1.16858e+45
1.72191e+17 1.16858e+45
1.72223e+17 1.16858e+45
1.72254e+17 1.16858e+45
1.72286e+17 1.16858e+45
1.72318e+17 1.16858e+45
1.72349e+17 1.16858e+45
1.72381e+17 1.16858e+45
1.72412e+17 1.16858e+45
1.72444e+17 1.16858e+45
1.72475e+17 1.16858e+45
1.72507e+17 1.16858e+45
1.72539e+17 1.16858e+45
1.7257e+17 1.16858e+45
1.72602e+17 1.16858e+45
1.72633e+17 1.16858e+45
1.72665e+17 1.16858e+45
1.72696e+17 1.16858e+45
1.72728e+17 1.16858e+45
1.72759e+17 1.16858e+45
1.72791e+17 1.16858e+45
1.72823e+17 1.16858e+45
1.72854e+17 1.16858e+45
1.72886e+17 1.16858e+45
1.72917e+17 1.16858e+45
1.72949e+17 1.16858e+45
1.7298e+17 1.16858e+45
1.73012e+17 1.16858e+45
1.73043e+17 1.16858e+45
1.73075e+17 1.16858e+45
1.73107e+17 1.16858e+45
1.73138e+17 1.16858e+45
1.7317e+17 1.16858e+45
1.73201e+17 1.16858e+45
1.73233e+17 1.16858e+45
1.73264e+17 1.16858e+45
1.73296e+17 1.16858e+45
1.73328e+17 1.16858e+45
1.73359e+17 1.16858e+45
1.73391e+17 1.16858e+45
1.73422e+17 1.16858e+45
1.73454e+17 1.16858e+45
1.73485e+17 1.16858e+45
1.73517e+17 1.16858e+45
1.73548e+17 1.16858e+45
1.7358e+17 1.16858e+45
1.73612e+17 1.16858e+45
1.73643e+17 1.16858e+45
1.73675e+17 1.16858e+45
1.73706e+17 1.16858e+45
1.73738e+17 1.16858e+45
1.73769e+17 1.16858e+45
1.73801e+17 1.16858e+45
1.73832e+17 1.16858e+45
1.73864e+17 1.16858e+45
1.73896e+17 1.16858e+45
1.73927e+17 1.16858e+45
1.73959e+17 1.16858e+45
1.7399e+17 1.16858e+45
1.74022e+17 1.16858e+45
1.74053e+17 1.16858e+45
1.74085e+17 1.16858e+45
1.74117e+17 1.16858e+45
1.74148e+17 1.16858e+45
1.7418e+17 1.16858e+45
1.74211e+17 1.16858e+45
1.74243e+17 1.16858e+45
1.74274e+17 1.16858e+45
1.74306e+17 1.16858e+45
1.74337e+17 1.16858e+45
1.74369e+17 1.16858e+45
1.74401e+17 1.16858e+45
1.74432e+17 1.16858e+45
1.74464e+17 1.16858e+45
1.74495e+17 1.16858e+45
1.74527e+17 1.16858e+45
1.74558e+17 1.16858e+45
1.7459e+17 1.16858e+45
1.74621e+17 1.16858e+45
1.74653e+17 1.16858e+45
1.74685e+17 1.16858e+45
1.74716e+17 1.16858e+45
1.74748e+17 1.16858e+45
1.74779e+17 1.16858e+45
1.74811e+17 1.16858e+45
1.74842e+17 1.16858e+45
1.74874e+17 1.16858e+45
1.74906e+17 1.16858e+45
1.74937e+17 1.16858e+45
1.74969e+17 1.16858e+45
1.75e+17 1.16858e+45
1.75032e+17 1.16858e+45
1.75063e+17 1.16858e+45
1.75095e+17 1.16858e+45
1.75126e+17 1.16858e+45
1.75158e+17 1.16858e+45
1.7519e+17 1.16858e+45
1.75221e+17 1.16858e+45
1.75253e+17 1.16858e+45
1.75284e+17 1.16858e+45
1.75316e+17 1.16858e+45
1.75347e+17 1.16858e+45
1.75379e+17 1.16858e+45
1.7541e+17 1.16858e+45
1.75442e+17 1.16858e+45
1.75474e+17 1.16858e+45
1.75505e+17 1.16858e+45
1.75537e+17 1.16858e+45
1.75568e+17 1.16858e+45
1.756e+17 1.16858e+45
1.75631e+17 1.16858e+45
1.75663e+17 1.16858e+45
1.75695e+17 1.16858e+45
1.75726e+17 1.16858e+45
1.75758e+17 1.16858e+45
1.75789e+17 1.16858e+45
1.75821e+17 1.16858e+45
1.75852e+17 1.16858e+45
1.75884e+17 1.16858e+45
1.75915e+17 1.16858e+45
1.75947e+17 1.16858e+45
1.75979e+17 1.16858e+45
1.7601e+17 1.16858e+45
1.76042e+17 1.16858e+45
1.76073e+17 1.16858e+45
1.76105e+17 1.16858e+45
1.76136e+17 1.16858e+45
1.76168e+17 1.16858e+45
1.76199e+17 1.16858e+45
1.76231e+17 1.16858e+45
1.76263e+17 1.16858e+45
1.76294e+17 1.16858e+45
1.76326e+17 1.16858e+45
1.76357e+17 1.16858e+45
1.76389e+17 1.16858e+45
1.7642e+17 1.16858e+45
1.76452e+17 1.16858e+45
1.76484e+17 1.16858e+45
1.76515e+17 1.16858e+45
1.76547e+17 1.16858e+45
1.76578e+17 1.16858e+45
1.7661e+17 1.16858e+45
1.76641e+17 1.16858e+45
1.76673e+17 1.16858e+45
1.76704e+17 1.16858e+45
1.76736e+17 1.16858e+45
1.76768e+17 1.16858e+45
1.76799e+17 1.16858e+45
1.76831e+17 1.16858e+45
1.76862e+17 1.16858e+45
1.76894e+17 1.16858e+45
1.76925e+17 1.16858e+45
1.76957e+17 1.16858e+45
1.76988e+17 1.16858e+45
1.7702e+17 1.16858e+45
1.77052e+17 1.16858e+45
1.77083e+17 1.16858e+45
1.77115e+17 1.16858e+45
1.77146e+17 1.16858e+45
1.77178e+17 1.16858e+45
1.77209e+17 1.16858e+45
1.77241e+17 1.16858e+45
1.77273e+17 1.16858e+45
1.77304e+17 1.16858e+45
1.77336e+17 1.16858e+45
1.77367e+17 1.16858e+45
1.77399e+17 1.16858e+45
1.7743e+17 1.16858e+45
1.77462e+17 1.16858e+45
1.77493e+17 1.16858e+45
1.77525e+17 1.16858e+45
1.77557e+17 1.16858e+45
1.77588e+17 1.16858e+45
1.7762e+17 1.16858e+45
1.77651e+17 1.16858e+45
1.77683e+17 1.16858e+45
1.77714e+17 1.16858e+45
1.77746e+17 1.16858e+45
1.77777e+17 1.16858e+45
1.77809e+17 1.16858e+45
1.77841e+17 1.16858e+45
1.77872e+17 1.16858e+45
1.77904e+17 1.16858e+45
1.77935e+17 1.16858e+45
1.77967e+17 1.16858e+45
1.77998e+17 1.16858e+45
1.7803e+17 1.16858e+45
1.78062e+17 1.16858e+45
1.78093e+17 1.16858e+45
1.78125e+17 1.16858e+45
1.78156e+17 1.16858e+45
1.78188e+17 1.16858e+45
1.78219e+17 1.16858e+45
1.78251e+17 1.16858e+45
1.78282e+17 1.16858e+45
1.78314e+17 1.16858e+45
1.78346e+17 1.16858e+45
1.78377e+17 1.16858e+45
1.78409e+17 1.16858e+45
1.7844e+17 1.16858e+45
1.78472e+17 1.16858e+45
1.78503e+17 1.16858e+45
1.78535e+17 1.16858e+45
1.78566e+17 1.16858e+45
1.78598e+17 1.16858e+45
1.7863e+17 1.16858e+45
1.78661e+17 1.16858e+45
1.78693e+17 1.16858e+45
1.78724e+17 1.16858e+45
1.78756e+17 1.16858e+45
1.78787e+17 1.16858e+45
1.78819e+17 1.16858e+45
1.78851e+17 1.16858e+45
1.78882e+17 1.16858e+45
1.78914e+17 1.16858e+45
1.78945e+17 1.16858e+45
1.78977e+17 1.16858e+45
1.79008e+17 1.16858e+45
1.7904e+17 1.16858e+45
1.79071e+17 1.16858e+45
1.79103e+17 1.16858e+45
1.79135e+17 1.16858e+45
1.79166e+17 1.16858e+45
1.79198e+17 1.16858e+45
1.79229e+17 1.16858e+45
1.79261e+17 1.16858e+45
1.79292e+17 1.16858e+45
1.79324e+17 1.16858e+45
1.79355e+17 1.16858e+45
1.79387e+17 1.16858e+45
1.79419e+17 1.16858e+45
1.7945e+17 1.16858e+45
1.79482e+17 1.16858e+45
1.79513e+17 1.16858e+45
1.79545e+17 1.16858e+45
1.79576e+17 1.16858e+45
1.79608e+17 1.16858e+45
1.7964e+17 1.16858e+45
1.79671e+17 1.16858e+45
1.79703e+17 1.16858e+45
1.79734e+17 1.16858e+45
1.79766e+17 1.16858e+45
1.79797e+17 1.16858e+45
1.79829e+17 1.16858e+45
1.7986e+17 1.16858e+45
1.79892e+17 1.16858e+45
1.79924e+17 1.16858e+45
1.79955e+17 1.16858e+45
1.79987e+17 1.16858e+45
1.80018e+17 1.16858e+45
1.8005e+17 1.16858e+45
1.80081e+17 1.16858e+45
1.80113e+17 1.16858e+45
1.80144e+17 1.16858e+45
1.80176e+17 1.16858e+45
1.80208e+17 1.16858e+45
1.80239e+17 1.16858e+45
1.80271e+17 1.16858e+45
1.80302e+17 1.16858e+45
1.80334e+17 1.16858e+45
1.80365e+17 1.16858e+45
1.80397e+17 1.16858e+45
1.80429e+17 1.16858e+45
1.8046e+17 1.16858e+45
1.80492e+17 1.16858e+45
1.80523e+17 1.16858e+45
1.80555e+17 1.16858e+45
1.80586e+17 1.16858e+45
1.80618e+17 1.16858e+45
1.80649e+17 1.16858e+45
1.80681e+17 1.16858e+45
1.80713e+17 1.16858e+45
1.80744e+17 1.16858e+45
1.80776e+17 1.16858e+45
1.80807e+17 1.16858e+45
1.80839e+17 1.16858e+45
1.8087e+17 1.16858e+45
1.80902e+17 1.16858e+45
1.80933e+17 1.16858e+45
1.80965e+17 1.16858e+45
1.80997e+17 1.16858e+45
1.81028e+17 1.16858e+45
1.8106e+17 1.16858e+45
1.81091e+17 1.16858e+45
1.81123e+17 1.16858e+45
1.81154e+17 1.16858e+45
1.81186e+17 1.16858e+45
1.81218e+17 1.16858e+45
1.81249e+17 1.16858e+45
1.81281e+17 1.16858e+45
1.81312e+17 1.16858e+45
1.81344e+17 1.16858e+45
1.81375e+17 1.16858e+45
1.81407e+17 1.16858e+45
1.81438e+17 1.16858e+45
1.8147e+17 1.16858e+45
1.81502e+17 1.16858e+45
1.81533e+17 1.16858e+45
1.81565e+17 1.16858e+45
1.81596e+17 1.16858e+45
1.81628e+17 1.16858e+45
1.81659e+17 1.16858e+45
1.81691e+17 1.16858e+45
1.81722e+17 1.16858e+45
1.81754e+17 1.16858e+45
1.81786e+17 1.16858e+45
1.81817e+17 1.16858e+45
1.81849e+17 1.16858e+45
1.8188e+17 1.16858e+45
1.81912e+17 1.16858e+45
1.81943e+17 1.16858e+45
1.81975e+17 1.16858e+45
1.82007e+17 1.16858e+45
1.82038e+17 1.16858e+45
1.8207e+17 1.16858e+45
1.82101e+17 1.16858e+45
1.82133e+17 1.16858e+45
1.82164e+17 1.16858e+45
1.82196e+17 1.16858e+45
1.82227e+17 1.16858e+45
1.82259e+17 1.16858e+45
1.82291e+17 1.16858e+45
1.82322e+17 1.16858e+45
1.82354e+17 1.16858e+45
1.82385e+17 1.16858e+45
1.82417e+17 1.16858e+45
1.82448e+17 1.16858e+45
1.8248e+17 1.16858e+45
1.82511e+17 1.16858e+45
1.82543e+17 1.16858e+45
1.82575e+17 1.16858e+45
1.82606e+17 1.16858e+45
1.82638e+17 1.16858e+45
1.82669e+17 1.16858e+45
1.82701e+17 1.16858e+45
1.82732e+17 1.16858e+45
1.82764e+17 1.16858e+45
1.82796e+17 1.16858e+45
1.82827e+17 1.16858e+45
1.82859e+17 1.16858e+45
1.8289e+17 1.16858e+45
1.82922e+17 1.16858e+45
1.82953e+17 1.16858e+45
1.82985e+17 1.16858e+45
1.83016e+17 1.16858e+45
1.83048e+17 1.16858e+45
1.8308e+17 1.16858e+45
1.83111e+17 1.16858e+45
1.83143e+17 1.16858e+45
1.83174e+17 1.16858e+45
1.83206e+17 1.16858e+45
1.83237e+17 1.16858e+45
1.83269e+17 1.16858e+45
1.833e+17 1.16858e+45
1.83332e+17 1.16858e+45
1.83364e+17 1.16858e+45
1.83395e+17 1.16858e+45
1.83427e+17 1.16858e+45
1.83458e+17 1.16858e+45
1.8349e+17 1.16858e+45
1.83521e+17 1.16858e+45
1.83553e+17 1.16858e+45
1.83585e+17 1.16858e+45
1.83616e+17 1.16858e+45
1.83648e+17 1.16858e+45
1.83679e+17 1.16858e+45
1.83711e+17 1.16858e+45
1.83742e+17 1.16858e+45
1.83774e+17 1.16858e+45
1.83805e+17 1.16858e+45
1.83837e+17 1.16858e+45
1.83869e+17 1.16858e+45
1.839e+17 1.16858e+45
1.83932e+17 1.16858e+45
1.83963e+17 1.16858e+45
1.83995e+17 1.16858e+45
1.84026e+17 1.16858e+45
1.84058e+17 1.16858e+45
1.84089e+17 1.16858e+45
1.84121e+17 1.16858e+45
1.84153e+17 1.16858e+45
1.84184e+17 1.16858e+45
1.84216e+17 1.16858e+45
1.84247e+17 1.16858e+45
1.84279e+17 1.16858e+45
1.8431e+17 1.16858e+45
1.84342e+17 1.16858e+45
1.84374e+17 1.16858e+45
1.84405e+17 1.16858e+45
1.84437e+17 1.16858e+45
1.84468e+17 1.16858e+45
1.845e+17 1.16858e+45
1.84531e+17 1.16858e+45
1.84563e+17 1.16858e+45
1.84594e+17 1.16858e+45
1.84626e+17 1.16858e+45
1.84658e+17 1.16858e+45
1.84689e+17 1.16858e+45
1.84721e+17 1.16858e+45
1.84752e+17 1.16858e+45
1.84784e+17 1.16858e+45
1.84815e+17 1.16858e+45
1.84847e+17 1.16858e+45
1.84878e+17 1.16858e+45
1.8491e+17 1.16858e+45
1.84942e+17 1.16858e+45
1.84973e+17 1.16858e+45
1.85005e+17 1.16858e+45
1.85036e+17 1.16858e+45
1.85068e+17 1.16858e+45
1.85099e+17 1.16858e+45
1.85131e+17 1.16858e+45
1.85163e+17 1.16858e+45
1.85194e+17 1.16858e+45
1.85226e+17 1.16858e+45
1.85257e+17 1.16858e+45
1.85289e+17 1.16858e+45
1.8532e+17 1.16858e+45
1.85352e+17 1.16858e+45
1.85383e+17 1.16858e+45
1.85415e+17 1.16858e+45
1.85447e+17 1.16858e+45
1.85478e+17 1.16858e+45
1.8551e+17 1.16858e+45
1.85541e+17 1.16858e+45
1.85573e+17 1.16858e+45
1.85604e+17 1.16858e+45
1.85636e+17 1.16858e+45
1.85667e+17 1.16858e+45
1.85699e+17 1.16858e+45
1.85731e+17 1.16858e+45
1.85762e+17 1.16858e+45
1.85794e+17 1.16858e+45
1.85825e+17 1.16858e+45
1.85857e+17 1.16858e+45
1.85888e+17 1.16858e+45
1.8592e+17 1.16858e+45
1.85952e+17 1.16858e+45
1.85983e+17 1.16858e+45
1.86015e+17 1.16858e+45
1.86046e+17 1.16858e+45
1.86078e+17 1.16858e+45
1.86109e+17 1.16858e+45
1.86141e+17 1.16858e+45
1.86172e+17 1.16858e+45
1.86204e+17 1.16858e+45
1.86236e+17 1.16858e+45
1.86267e+17 1.16858e+45
1.86299e+17 1.16858e+45
1.8633e+17 1.16858e+45
1.86362e+17 1.16858e+45
1.86393e+17 1.16858e+45
1.86425e+17 1.16858e+45
1.86456e+17 1.16858e+45
1.86488e+17 1.16858e+45
1.8652e+17 1.16858e+45
1.86551e+17 1.16858e+45
1.86583e+17 1.16858e+45
1.86614e+17 1.16858e+45
1.86646e+17 1.16858e+45
1.86677e+17 1.16858e+45
1.86709e+17 1.16858e+45
1.86741e+17 1.16858e+45
1.86772e+17 1.16858e+45
1.86804e+17 1.16858e+45
1.86835e+17 1.16858e+45
1.86867e+17 1.16858e+45
1.86898e+17 1.16858e+45
1.8693e+17 1.16858e+45
1.86961e+17 1.16858e+45
1.86993e+17 1.16858e+45
1.87025e+17 1.16858e+45
1.87056e+17 1.16858e+45
1.87088e+17 1.16858e+45
1.87119e+17 1.16858e+45
1.87151e+17 1.16858e+45
1.87182e+17 1.16858e+45
1.87214e+17 1.16858e+45
1.87245e+17 1.16858e+45
1.87277e+17 1.16858e+45
1.87309e+17 1.16858e+45
1.8734e+17 1.16858e+45
1.87372e+17 1.16858e+45
1.87403e+17 1.16858e+45
1.87435e+17 1.16858e+45
1.87466e+17 1.16858e+45
1.87498e+17 1.16858e+45
1.8753e+17 1.16858e+45
1.87561e+17 1.16858e+45
1.87593e+17 1.16858e+45
1.87624e+17 1.16858e+45
1.87656e+17 1.16858e+45
1.87687e+17 1.16858e+45
1.87719e+17 1.16858e+45
1.8775e+17 1.16858e+45
1.87782e+17 1.16858e+45
1.87814e+17 1.16858e+45
1.87845e+17 1.16858e+45
1.87877e+17 1.16858e+45
1.87908e+17 1.16858e+45
1.8794e+17 1.16858e+45
1.87971e+17 1.16858e+45
1.88003e+17 1.16858e+45
1.88034e+17 1.16858e+45
1.88066e+17 1.16858e+45
1.88098e+17 1.16858e+45
1.88129e+17 1.16858e+45
1.88161e+17 1.16858e+45
1.88192e+17 1.16858e+45
1.88224e+17 1.16858e+45
1.88255e+17 1.16858e+45
1.88287e+17 1.16858e+45
1.88319e+17 1.16858e+45
1.8835e+17 1.16858e+45
1.88382e+17 1.16858e+45
1.88413e+17 1.16858e+45
1.88445e+17 1.16858e+45
1.88476e+17 1.16858e+45
1.88508e+17 1.16858e+45
1.88539e+17 1.16858e+45
1.88571e+17 1.16858e+45
1.88603e+17 1.16858e+45
1.88634e+17 1.16858e+45
1.88666e+17 1.16858e+45
1.88697e+17 1.16858e+45
1.88729e+17 1.16858e+45
1.8876e+17 1.16858e+45
1.88792e+17 1.16858e+45
1.88823e+17 1.16858e+45
1.88855e+17 1.16858e+45
1.88887e+17 1.16858e+45
1.88918e+17 1.16858e+45
1.8895e+17 1.16858e+45
1.88981e+17 1.16858e+45
1.89013e+17 1.16858e+45
1.89044e+17 1.16858e+45
1.89076e+17 1.16858e+45
1.89108e+17 1.16858e+45
1.89139e+17 1.16858e+45
1.89171e+17 1.16858e+45
1.89202e+17 1.16858e+45
1.89234e+17 1.16858e+45
1.89265e+17 1.16858e+45
1.89297e+17 1.16858e+45
1.89328e+17 1.16858e+45
1.8936e+17 1.16858e+45
1.89392e+17 1.16858e+45
1.89423e+17 1.16858e+45
1.89455e+17 1.16858e+45
1.89486e+17 1.16858e+45
1.89518e+17 1.16858e+45
1.89549e+17 1.16858e+45
1.89581e+17 1.16858e+45
1.89612e+17 1.16858e+45
1.89644e+17 1.16858e+45
1.89676e+17 1.16858e+45
1.89707e+17 1.16858e+45
1.89739e+17 1.16858e+45
1.8977e+17 1.16858e+45
1.89802e+17 1.16858e+45
1.89833e+17 1.16858e+45
1.89865e+17 1.16858e+45
1.89897e+17 1.16858e+45
1.89928e+17 1.16858e+45
1.8996e+17 1.16858e+45
1.89991e+17 1.16858e+45
1.90023e+17 1.16858e+45
1.90054e+17 1.16858e+45
1.90086e+17 1.16858e+45
1.90117e+17 1.16858e+45
1.90149e+17 1.16858e+45
1.90181e+17 1.16858e+45
1.90212e+17 1.16858e+45
1.90244e+17 1.16858e+45
1.90275e+17 1.16858e+45
1.90307e+17 1.16858e+45
1.90338e+17 1.16858e+45
1.9037e+17 1.16858e+45
1.90401e+17 1.16858e+45
1.90433e+17 1.16858e+45
1.90465e+17 1.16858e+45
1.90496e+17 1.16858e+45
1.90528e+17 1.16858e+45
1.90559e+17 1.16858e+45
1.90591e+17 1.16858e+45
1.90622e+17 1.16858e+45
1.90654e+17 1.16858e+45
1.90686e+17 1.16858e+45
1.90717e+17 1.16858e+45
1.90749e+17 1.16858e+45
1.9078e+17 1.16858e+45
1.90812e+17 1.16858e+45
1.90843e+17 1.16858e+45
1.90875e+17 1.16858e+45
1.90906e+17 1.16858e+45
1.90938e+17 1.16858e+45
1.9097e+17 1.16858e+45
1.91001e+17 1.16858e+45
1.91033e+17 1.16858e+45
1.91064e+17 1.16858e+45
1.91096e+17 1.16858e+45
1.91127e+17 1.16858e+45
1.91159e+17 1.16858e+45
1.9119e+17 1.16858e+45
1.91222e+17 1.16858e+45
1.91254e+17 1.16858e+45
1.91285e+17 1.16858e+45
1.91317e+17 1.16858e+45
1.91348e+17 1.16858e+45
1.9138e+17 1.16858e+45
1.91411e+17 1.16858e+45
1.91443e+17 1.16858e+45
1.91475e+17 1.16858e+45
1.91506e+17 1.16858e+45
1.91538e+17 1.16858e+45
1.91569e+17 1.16858e+45
1.91601e+17 1.16858e+45
1.91632e+17 1.16858e+45
1.91664e+17 1.16858e+45
1.91695e+17 1.16858e+45
1.91727e+17 1.16858e+45
1.91759e+17 1.16858e+45
1.9179e+17 1.16858e+45
1.91822e+17 1.16858e+45
1.91853e+17 1.16858e+45
1.91885e+17 1.16858e+45
1.91916e+17 1.16858e+45
1.91948e+17 1.16858e+45
1.91979e+17 1.16858e+45
1.92011e+17 1.16858e+45
1.92043e+17 1.16858e+45
1.92074e+17 1.16858e+45
1.92106e+17 1.16858e+45
1.92137e+17 1.16858e+45
1.92169e+17 1.16858e+45
1.922e+17 1.16858e+45
1.92232e+17 1.16858e+45
1.92264e+17 1.16858e+45
1.92295e+17 1.16858e+45
1.92327e+17 1.16858e+45
1.92358e+17 1.16858e+45
1.9239e+17 1.16858e+45
1.92421e+17 1.16858e+45
1.92453e+17 1.16858e+45
1.92484e+17 1.16858e+45
1.92516e+17 1.16858e+45
1.92548e+17 1.16858e+45
1.92579e+17 1.16858e+45
1.92611e+17 1.16858e+45
1.92642e+17 1.16858e+45
1.92674e+17 1.16858e+45
1.92705e+17 1.16858e+45
1.92737e+17 1.16858e+45
1.92768e+17 1.16858e+45
1.928e+17 1.16858e+45
1.92832e+17 1.16858e+45
1.92863e+17 1.16858e+45
1.92895e+17 1.16858e+45
1.92926e+17 1.16858e+45
1.92958e+17 1.16858e+45
1.92989e+17 1.16858e+45
1.93021e+17 1.16858e+45
1.93053e+17 1.16858e+45
1.93084e+17 1.16858e+45
1.93116e+17 1.16858e+45
1.93147e+17 1.16858e+45
1.93179e+17 1.16858e+45
1.9321e+17 1.16858e+45
1.93242e+17 1.16858e+45
1.93273e+17 1.16858e+45
1.93305e+17 1.16858e+45
1.93337e+17 1.16858e+45
1.93368e+17 1.16858e+45
1.934e+17 1.16858e+45
1.93431e+17 1.16858e+45
1.93463e+17 1.16858e+45
1.93494e+17 1.16858e+45
1.93526e+17 1.16858e+45
1.93557e+17 1.16858e+45
1.93589e+17 1.16858e+45
1.93621e+17 1.16858e+45
1.93652e+17 1.16858e+45
1.93684e+17 1.16858e+45
1.93715e+17 1.16858e+45
1.93747e+17 1.16858e+45
1.93778e+17 1.16858e+45
1.9381e+17 1.16858e+45
1.93842e+17 1.16858e+45
1.93873e+17 1.16858e+45
1.93905e+17 1.16858e+45
1.93936e+17 1.16858e+45
1.93968e+17 1.16858e+45
1.93999e+17 1.16858e+45
1.94031e+17 1.16858e+45
1.94062e+17 1.16858e+45
1.94094e+17 1.16858e+45
1.94126e+17 1.16858e+45
1.94157e+17 1.16858e+45
1.94189e+17 1.16858e+45
1.9422e+17 1.16858e+45
1.94252e+17 1.16858e+45
1.94283e+17 1.16858e+45
1.94315e+17 1.16858e+45
1.94346e+17 1.16858e+45
1.94378e+17 1.16858e+45
1.9441e+17 1.16858e+45
1.94441e+17 1.16858e+45
1.94473e+17 1.16858e+45
1.94504e+17 1.16858e+45
1.94536e+17 1.16858e+45
1.94567e+17 1.16858e+45
1.94599e+17 1.16858e+45
1.94631e+17 1.16858e+45
1.94662e+17 1.16858e+45
1.94694e+17 1.16858e+45
1.94725e+17 1.16858e+45
1.94757e+17 1.16858e+45
1.94788e+17 1.16858e+45
1.9482e+17 1.16858e+45
1.94851e+17 1.16858e+45
1.94883e+17 1.16858e+45
1.94915e+17 1.16858e+45
1.94946e+17 1.16858e+45
1.94978e+17 1.16858e+45
1.95009e+17 1.16858e+45
1.95041e+17 1.16858e+45
1.95072e+17 1.16858e+45
1.95104e+17 1.16858e+45
1.95135e+17 1.16858e+45
1.95167e+17 1.16858e+45
1.95199e+17 1.16858e+45
1.9523e+17 1.16858e+45
1.95262e+17 1.16858e+45
1.95293e+17 1.16858e+45
1.95325e+17 1.16858e+45
1.95356e+17 1.16858e+45
1.95388e+17 1.16858e+45
1.9542e+17 1.16858e+45
1.95451e+17 1.16858e+45
1.95483e+17 1.16858e+45
1.95514e+17 1.16858e+45
1.95546e+17 1.16858e+45
1.95577e+17 1.16858e+45
1.95609e+17 1.16858e+45
1.9564e+17 1.16858e+45
1.95672e+17 1.16858e+45
1.95704e+17 1.16858e+45
1.95735e+17 1.16858e+45
1.95767e+17 1.16858e+45
1.95798e+17 1.16858e+45
1.9583e+17 1.16858e+45
1.95861e+17 1.16858e+45
1.95893e+17 1.16858e+45
1.95924e+17 1.16858e+45
1.95956e+17 1.16858e+45
1.95988e+17 1.16858e+45
1.96019e+17 1.16858e+45
1.96051e+17 1.16858e+45
1.96082e+17 1.16858e+45
1.96114e+17 1.16858e+45
1.96145e+17 1.16858e+45
1.96177e+17 1.16858e+45
1.96209e+17 1.16858e+45
1.9624e+17 1.16858e+45
1.96272e+17 1.16858e+45
1.96303e+17 1.16858e+45
1.96335e+17 1.16858e+45
1.96366e+17 1.16858e+45
1.96398e+17 1.16858e+45
1.96429e+17 1.16858e+45
1.96461e+17 1.16858e+45
1.96493e+17 1.16858e+45
1.96524e+17 1.16858e+45
1.96556e+17 1.16858e+45
1.96587e+17 1.16858e+45
1.96619e+17 1.16858e+45
1.9665e+17 1.16858e+45
1.96682e+17 1.16858e+45
1.96713e+17 1.16858e+45
1.96745e+17 1.16858e+45
1.96777e+17 1.16858e+45
1.96808e+17 1.16858e+45
1.9684e+17 1.16858e+45
1.96871e+17 1.16858e+45
1.96903e+17 1.16858e+45
1.96934e+17 1.16858e+45
1.96966e+17 1.16858e+45
1.96998e+17 1.16858e+45
1.97029e+17 1.16858e+45
1.97061e+17 1.16858e+45
1.97092e+17 1.16858e+45
1.97124e+17 1.16858e+45
1.97155e+17 1.16858e+45
1.97187e+17 1.16858e+45
1.97218e+17 1.16858e+45
1.9725e+17 1.16858e+45
1.97282e+17 1.16858e+45
1.97313e+17 1.16858e+45
1.97345e+17 1.16858e+45
1.97376e+17 1.16858e+45
1.97408e+17 1.16858e+45
1.97439e+17 1.16858e+45
1.97471e+17 1.16858e+45
1.97502e+17 1.16858e+45
1.97534e+17 1.16858e+45
1.97566e+17 1.16858e+45
1.97597e+17 1.16858e+45
1.97629e+17 1.16858e+45
1.9766e+17 1.16858e+45
1.97692e+17 1.16858e+45
1.97723e+17 1.16858e+45
1.97755e+17 1.16858e+45
1.97787e+17 1.16858e+45
1.97818e+17 1.16858e+45
1.9785e+17 1.16858e+45
1.97881e+17 1.16858e+45
1.97913e+17 1.16858e+45
1.97944e+17 1.16858e+45
1.97976e+17 1.16858e+45
1.98007e+17 1.16858e+45
1.98039e+17 1.16858e+45
1.98071e+17 1.16858e+45
1.98102e+17 1.16858e+45
1.98134e+17 1.16858e+45
1.98165e+17 1.16858e+45
1.98197e+17 1.16858e+45
1.98228e+17 1.16858e+45
1.9826e+17 1.16858e+45
1.98291e+17 1.16858e+45
1.98323e+17 1.16858e+45
1.98355e+17 1.16858e+45
1.98386e+17 1.16858e+45
1.98418e+17 1.16858e+45
1.98449e+17 1.16858e+45
1.98481e+17 1.16858e+45
1.98512e+17 1.16858e+45
1.98544e+17 1.16858e+45
1.98576e+17 1.16858e+45
1.98607e+17 1.16858e+45
1.98639e+17 1.16858e+45
1.9867e+17 1.16858e+45
1.98702e+17 1.16858e+45
1.98733e+17 1.16858e+45
1.98765e+17 1.16858e+45
1.98796e+17 1.16858e+45
1.98828e+17 1.16858e+45
1.9886e+17 1.16858e+45
1.98891e+17 1.16858e+45
1.98923e+17 1.16858e+45
1.98954e+17 1.16858e+45
1.98986e+17 1.16858e+45
1.99017e+17 1.16858e+45
1.99049e+17 1.16858e+45
1.9908e+17 1.16858e+45
1.99112e+17 1.16858e+45
1.99144e+17 1.16858e+45
1.99175e+17 1.16858e+45
1.99207e+17 1.16858e+45
1.99238e+17 1.16858e+45
1.9927e+17 1.16858e+45
1.99301e+17 1.16858e+45
1.99333e+17 1.16858e+45
1.99365e+17 1.16858e+45
1.99396e+17 1.16858e+45
1.99428e+17 1.16858e+45
1.99459e+17 1.16858e+45
1.99491e+17 1.16858e+45
1.99522e+17 1.16858e+45
1.99554e+17 1.16858e+45
1.99585e+17 1.16858e+45
1.99617e+17 1.16858e+45
1.99649e+17 1.16858e+45
1.9968e+17 1.16858e+45
1.99712e+17 1.16858e+45
1.99743e+17 1.16858e+45
1.99775e+17 1.16858e+45
1.99806e+17 1.16858e+45
1.99838e+17 1.16858e+45
1.99869e+17 1.16858e+45
1.99901e+17 1.16858e+45
1.99933e+17 1.16858e+45
1.99964e+17 1.16858e+45
1.99996e+17 1.16858e+45
2.00027e+17 1.16858e+45
2.00059e+17 1.16858e+45
2.0009e+17 1.16858e+45
2.00122e+17 1.16858e+45
2.00154e+17 1.16858e+45
2.00185e+17 1.16858e+45
2.00217e+17 1.16858e+45
2.00248e+17 1.16858e+45
2.0028e+17 1.16858e+45
2.00311e+17 1.16858e+45
2.00343e+17 1.16858e+45
2.00374e+17 1.16858e+45
2.00406e+17 1.16858e+45
2.00438e+17 1.16858e+45
2.00469e+17 1.16858e+45
2.00501e+17 1.16858e+45
2.00532e+17 1.16858e+45
2.00564e+17 1.16858e+45
2.00595e+17 1.16858e+45
2.00627e+17 1.16858e+45
2.00658e+17 1.16858e+45
2.0069e+17 1.16858e+45
2.00722e+17 1.16858e+45
2.00753e+17 1.16858e+45
2.00785e+17 1.16858e+45
2.00816e+17 1.16858e+45
2.00848e+17 1.16858e+45
2.00879e+17 1.16858e+45
2.00911e+17 1.16858e+45
2.00943e+17 1.16858e+45
2.00974e+17 1.16858e+45
2.01006e+17 1.16858e+45
2.01037e+17 1.16858e+45
2.01069e+17 1.16858e+45
2.011e+17 1.16858e+45
2.01132e+17 1.16858e+45
2.01163e+17 1.16858e+45
2.01195e+17 1.16858e+45
2.01227e+17 1.16858e+45
2.01258e+17 1.16858e+45
2.0129e+17 1.16858e+45
2.01321e+17 1.16858e+45
2.01353e+17 1.16858e+45
2.01384e+17 1.16858e+45
2.01416e+17 1.16858e+45
2.01447e+17 1.16858e+45
2.01479e+17 1.16858e+45
2.01511e+17 1.16858e+45
2.01542e+17 1.16858e+45
2.01574e+17 1.16858e+45
2.01605e+17 1.16858e+45
2.01637e+17 1.16858e+45
2.01668e+17 1.16858e+45
2.017e+17 1.16858e+45
2.01732e+17 1.16858e+45
2.01763e+17 1.16858e+45
2.01795e+17 1.16858e+45
2.01826e+17 1.16858e+45
2.01858e+17 1.16858e+45
2.01889e+17 1.16858e+45
2.01921e+17 1.16858e+45
2.01952e+17 1.16858e+45
2.01984e+17 1.16858e+45
2.02016e+17 1.16858e+45
2.02047e+17 1.16858e+45
2.02079e+17 1.16858e+45
2.0211e+17 1.16858e+45
2.02142e+17 1.16858e+45
2.02173e+17 1.16858e+45
2.02205e+17 1.16858e+45
2.02236e+17 1.16858e+45
2.02268e+17 1.16858e+45
2.023e+17 1.16858e+45
2.02331e+17 1.16858e+45
2.02363e+17 1.16858e+45
2.02394e+17 1.16858e+45
2.02426e+17 1.16858e+45
2.02457e+17 1.16858e+45
2.02489e+17 1.16858e+45
2.02521e+17 1.16858e+45
2.02552e+17 1.16858e+45
2.02584e+17 1.16858e+45
2.02615e+17 1.16858e+45
2.02647e+17 1.16858e+45
2.02678e+17 1.16858e+45
2.0271e+17 1.16858e+45
2.02741e+17 1.16858e+45
2.02773e+17 1.16858e+45
2.02805e+17 1.16858e+45
2.02836e+17 1.16858e+45
2.02868e+17 1.16858e+45
2.02899e+17 1.16858e+45
2.02931e+17 1.16858e+45
2.02962e+17 1.16858e+45
2.02994e+17 1.16858e+45
2.03025e+17 1.16858e+45
2.03057e+17 1.16858e+45
2.03089e+17 1.16858e+45
2.0312e+17 1.16858e+45
2.03152e+17 1.16858e+45
2.03183e+17 1.16858e+45
2.03215e+17 1.16858e+45
2.03246e+17 1.16858e+45
2.03278e+17 1.16858e+45
2.0331e+17 1.16858e+45
2.03341e+17 1.16858e+45
2.03373e+17 1.16858e+45
2.03404e+17 1.16858e+45
2.03436e+17 1.16858e+45
2.03467e+17 1.16858e+45
2.03499e+17 1.16858e+45
2.0353e+17 1.16858e+45
2.03562e+17 1.16858e+45
2.03594e+17 1.16858e+45
2.03625e+17 1.16858e+45
2.03657e+17 1.16858e+45
2.03688e+17 1.16858e+45
2.0372e+17 1.16858e+45
2.03751e+17 1.16858e+45
2.03783e+17 1.16858e+45
2.03814e+17 1.16858e+45
2.03846e+17 1.16858e+45
2.03878e+17 1.16858e+45
2.03909e+17 1.16858e+45
2.03941e+17 1.16858e+45
2.03972e+17 1.16858e+45
2.04004e+17 1.16858e+45
2.04035e+17 1.16858e+45
2.04067e+17 1.16858e+45
2.04099e+17 1.16858e+45
2.0413e+17 1.16858e+45
2.04162e+17 1.16858e+45
2.04193e+17 1.16858e+45
2.04225e+17 1.16858e+45
2.04256e+17 1.16858e+45
2.04288e+17 1.16858e+45
2.04319e+17 1.16858e+45
2.04351e+17 1.16858e+45
2.04383e+17 1.16858e+45
2.04414e+17 1.16858e+45
2.04446e+17 1.16858e+45
2.04477e+17 1.16858e+45
2.04509e+17 1.16858e+45
2.0454e+17 1.16858e+45
2.04572e+17 1.16858e+45
2.04603e+17 1.16858e+45
2.04635e+17 1.16858e+45
2.04667e+17 1.16858e+45
2.04698e+17 1.16858e+45
2.0473e+17 1.16858e+45
2.04761e+17 1.16858e+45
2.04793e+17 1.16858e+45
2.04824e+17 1.16858e+45
2.04856e+17 1.16858e+45
2.04888e+17 1.16858e+45
2.04919e+17 1.16858e+45
2.04951e+17 1.16858e+45
2.04982e+17 1.16858e+45
2.05014e+17 1.16858e+45
2.05045e+17 1.16858e+45
2.05077e+17 1.16858e+45
2.05108e+17 1.16858e+45
2.0514e+17 1.16858e+45
2.05172e+17 1.16858e+45
2.05203e+17 1.16858e+45
2.05235e+17 1.16858e+45
2.05266e+17 1.16858e+45
2.05298e+17 1.16858e+45
2.05329e+17 1.16858e+45
2.05361e+17 1.16858e+45
2.05392e+17 1.16858e+45
2.05424e+17 1.16858e+45
2.05456e+17 1.16858e+45
2.05487e+17 1.16858e+45
2.05519e+17 1.16858e+45
2.0555e+17 1.16858e+45
2.05582e+17 1.16858e+45
2.05613e+17 1.16858e+45
2.05645e+17 1.16858e+45
2.05677e+17 1.16858e+45
2.05708e+17 1.16858e+45
2.0574e+17 1.16858e+45
2.05771e+17 1.16858e+45
2.05803e+17 1.16858e+45
2.05834e+17 1.16858e+45
2.05866e+17 1.16858e+45
2.05897e+17 1.16858e+45
2.05929e+17 1.16858e+45
2.05961e+17 1.16858e+45
2.05992e+17 1.16858e+45
2.06024e+17 1.16858e+45
2.06055e+17 1.16858e+45
2.06087e+17 1.16858e+45
2.06118e+17 1.16858e+45
2.0615e+17 1.16858e+45
2.06181e+17 1.16858e+45
2.06213e+17 1.16858e+45
2.06245e+17 1.16858e+45
2.06276e+17 1.16858e+45
2.06308e+17 1.16858e+45
2.06339e+17 1.16858e+45
2.06371e+17 1.16858e+45
2.06402e+17 1.16858e+45
2.06434e+17 1.16858e+45
2.06466e+17 1.16858e+45
2.06497e+17 1.16858e+45
2.06529e+17 1.16858e+45
2.0656e+17 1.16858e+45
2.06592e+17 1.16858e+45
2.06623e+17 1.16858e+45
2.06655e+17 1.16858e+45
2.06686e+17 1.16858e+45
2.06718e+17 1.16858e+45
2.0675e+17 1.16858e+45
2.06781e+17 1.16858e+45
2.06813e+17 1.16858e+45
2.06844e+17 1.16858e+45
2.06876e+17 1.16858e+45
2.06907e+17 1.16858e+45
2.06939e+17 1.16858e+45
2.0697e+17 1.16858e+45
2.07002e+17 1.16858e+45
2.07034e+17 1.16858e+45
2.07065e+17 1.16858e+45
2.07097e+17 1.16858e+45
2.07128e+17 1.16858e+45
2.0716e+17 1.16858e+45
2.07191e+17 1.16858e+45
2.07223e+17 1.16858e+45
2.07255e+17 1.16858e+45
2.07286e+17 1.16858e+45
2.07318e+17 1.16858e+45
2.07349e+17 1.16858e+45
2.07381e+17 1.16858e+45
2.07412e+17 1.16858e+45
2.07444e+17 1.16858e+45
2.07475e+17 1.16858e+45
2.07507e+17 1.16858e+45
2.07539e+17 1.16858e+45
2.0757e+17 1.16858e+45
2.07602e+17 1.16858e+45
2.07633e+17 1.16858e+45
2.07665e+17 1.16858e+45
2.07696e+17 1.16858e+45
2.07728e+17 1.16858e+45
2.07759e+17 1.16858e+45
2.07791e+17 1.16858e+45
2.07823e+17 1.16858e+45
2.07854e+17 1.16858e+45
2.07886e+17 1.16858e+45
2.07917e+17 1.16858e+45
2.07949e+17 1.16858e+45
2.0798e+17 1.16858e+45
2.08012e+17 1.16858e+45
2.08044e+17 1.16858e+45
2.08075e+17 1.16858e+45
2.08107e+17 1.16858e+45
2.08138e+17 1.16858e+45
2.0817e+17 1.16858e+45
2.08201e+17 1.16858e+45
2.08233e+17 1.16858e+45
2.08264e+17 1.16858e+45
2.08296e+17 1.16858e+45
2.08328e+17 1.16858e+45
2.08359e+17 1.16858e+45
2.08391e+17 1.16858e+45
2.08422e+17 1.16858e+45
2.08454e+17 1.16858e+45
2.08485e+17 1.16858e+45
2.08517e+17 1.16858e+45
2.08548e+17 1.16858e+45
2.0858e+17 1.16858e+45
2.08612e+17 1.16858e+45
2.08643e+17 1.16858e+45
2.08675e+17 1.16858e+45
2.08706e+17 1.16858e+45
2.08738e+17 1.16858e+45
2.08769e+17 1.16858e+45
2.08801e+17 1.16858e+45
2.08833e+17 1.16858e+45
2.08864e+17 1.16858e+45
2.08896e+17 1.16858e+45
2.08927e+17 1.16858e+45
2.08959e+17 1.16858e+45
2.0899e+17 1.16858e+45
2.09022e+17 1.16858e+45
2.09053e+17 1.16858e+45
2.09085e+17 1.16858e+45
2.09117e+17 1.16858e+45
2.09148e+17 1.16858e+45
2.0918e+17 1.16858e+45
2.09211e+17 1.16858e+45
2.09243e+17 1.16858e+45
2.09274e+17 1.16858e+45
2.09306e+17 1.16858e+45
2.09337e+17 1.16858e+45
2.09369e+17 1.16858e+45
2.09401e+17 1.16858e+45
2.09432e+17 1.16858e+45
2.09464e+17 1.16858e+45
2.09495e+17 1.16858e+45
2.09527e+17 1.16858e+45
2.09558e+17 1.16858e+45
2.0959e+17 1.16858e+45
2.09622e+17 1.16858e+45
2.09653e+17 1.16858e+45
2.09685e+17 1.16858e+45
2.09716e+17 1.16858e+45
2.09748e+17 1.16858e+45
2.09779e+17 1.16858e+45
2.09811e+17 1.16858e+45
2.09842e+17 1.16858e+45
2.09874e+17 1.16858e+45
2.09906e+17 1.16858e+45
2.09937e+17 1.16858e+45
2.09969e+17 1.16858e+45
2.1e+17 1.16858e+45
2.10032e+17 1.16858e+45
2.10063e+17 1.16858e+45
2.10095e+17 1.16858e+45
2.10126e+17 1.16858e+45
2.10158e+17 1.16858e+45
2.1019e+17 1.16858e+45
2.10221e+17 1.16858e+45
2.10253e+17 1.16858e+45
2.10284e+17 1.16858e+45
2.10316e+17 1.16858e+45
2.10347e+17 1.16858e+45
2.10379e+17 1.16858e+45
2.10411e+17 1.16858e+45
2.10442e+17 1.16858e+45
2.10474e+17 1.16858e+45
2.10505e+17 1.16858e+45
2.10537e+17 1.16858e+45
2.10568e+17 1.16858e+45
2.106e+17 1.16858e+45
2.10631e+17 1.16858e+45
2.10663e+17 1.16858e+45
2.10695e+17 1.16858e+45
2.10726e+17 1.16858e+45
2.10758e+17 1.16858e+45
2.10789e+17 1.16858e+45
2.10821e+17 1.16858e+45
2.10852e+17 1.16858e+45
2.10884e+17 1.16858e+45
2.10915e+17 1.16858e+45
2.10947e+17 1.16858e+45
2.10979e+17 1.16858e+45
2.1101e+17 1.16858e+45
2.11042e+17 1.16858e+45
2.11073e+17 1.16858e+45
2.11105e+17 1.16858e+45
2.11136e+17 1.16858e+45
2.11168e+17 1.16858e+45
2.112e+17 1.16858e+45
2.11231e+17 1.16858e+45
2.11263e+17 1.16858e+45
2.11294e+17 1.16858e+45
2.11326e+17 1.16858e+45
2.11357e+17 1.16858e+45
2.11389e+17 1.16858e+45
2.1142e+17 1.16858e+45
2.11452e+17 1.16858e+45
2.11484e+17 1.16858e+45
2.11515e+17 1.16858e+45
2.11547e+17 1.16858e+45
2.11578e+17 1.16858e+45
2.1161e+17 1.16858e+45
2.11641e+17 1.16858e+45
2.11673e+17 1.16858e+45
2.11704e+17 1.16858e+45
2.11736e+17 1.16858e+45
2.11768e+17 1.16858e+45
2.11799e+17 1.16858e+45
2.11831e+17 1.16858e+45
2.11862e+17 1.16858e+45
2.11894e+17 1.16858e+45
2.11925e+17 1.16858e+45
2.11957e+17 1.16858e+45
2.11989e+17 1.16858e+45
2.1202e+17 1.16858e+45
2.12052e+17 1.16858e+45
2.12083e+17 1.16858e+45
2.12115e+17 1.16858e+45
2.12146e+17 1.16858e+45
2.12178e+17 1.16858e+45
2.12209e+17 1.16858e+45
2.12241e+17 1.16858e+45
2.12273e+17 1.16858e+45
2.12304e+17 1.16858e+45
2.12336e+17 1.16858e+45
2.12367e+17 1.16858e+45
2.12399e+17 1.16858e+45
2.1243e+17 1.16858e+45
2.12462e+17 1.16858e+45
2.12493e+17 1.16858e+45
2.12525e+17 1.16858e+45
2.12557e+17 1.16858e+45
2.12588e+17 1.16858e+45
2.1262e+17 1.16858e+45
2.12651e+17 1.16858e+45
2.12683e+17 1.16858e+45
2.12714e+17 1.16858e+45
2.12746e+17 1.16858e+45
2.12778e+17 1.16858e+45
2.12809e+17 1.16858e+45
2.12841e+17 1.16858e+45
2.12872e+17 1.16858e+45
2.12904e+17 1.16858e+45
2.12935e+17 1.16858e+45
2.12967e+17 1.16858e+45
2.12998e+17 1.16858e+45
2.1303e+17 1.16858e+45
2.13062e+17 1.16858e+45
2.13093e+17 1.16858e+45
2.13125e+17 1.16858e+45
2.13156e+17 1.16858e+45
2.13188e+17 1.16858e+45
2.13219e+17 1.16858e+45
2.13251e+17 1.16858e+45
2.13282e+17 1.16858e+45
2.13314e+17 1.16858e+45
2.13346e+17 1.16858e+45
2.13377e+17 1.16858e+45
2.13409e+17 1.16858e+45
2.1344e+17 1.16858e+45
2.13472e+17 1.16858e+45
2.13503e+17 1.16858e+45
2.13535e+17 1.16858e+45
2.13567e+17 1.16858e+45
2.13598e+17 1.16858e+45
2.1363e+17 1.16858e+45
2.13661e+17 1.16858e+45
2.13693e+17 1.16858e+45
2.13724e+17 1.16858e+45
2.13756e+17 1.16858e+45
2.13787e+17 1.16858e+45
2.13819e+17 1.16858e+45
2.13851e+17 1.16858e+45
2.13882e+17 1.16858e+45
2.13914e+17 1.16858e+45
2.13945e+17 1.16858e+45
2.13977e+17 1.16858e+45
2.14008e+17 1.16858e+45
2.1404e+17 1.16858e+45
2.14071e+17 1.16858e+45
2.14103e+17 1.16858e+45
2.14135e+17 1.16858e+45
2.14166e+17 1.16858e+45
2.14198e+17 1.16858e+45
2.14229e+17 1.16858e+45
2.14261e+17 1.16858e+45
2.14292e+17 1.16858e+45
2.14324e+17 1.16858e+45
2.14356e+17 1.16858e+45
2.14387e+17 1.16858e+45
2.14419e+17 1.16858e+45
2.1445e+17 1.16858e+45
2.14482e+17 1.16858e+45
2.14513e+17 1.16858e+45
2.14545e+17 1.16858e+45
2.14576e+17 1.16858e+45
2.14608e+17 1.16858e+45
2.1464e+17 1.16858e+45
2.14671e+17 1.16858e+45
2.14703e+17 1.16858e+45
2.14734e+17 1.16858e+45
2.14766e+17 1.16858e+45
2.14797e+17 1.16858e+45
2.14829e+17 1.16858e+45
2.1486e+17 1.16858e+45
2.14892e+17 1.16858e+45
2.14924e+17 1.16858e+45
2.14955e+17 1.16858e+45
2.14987e+17 1.16858e+45
2.15018e+17 1.16858e+45
2.1505e+17 1.16858e+45
2.15081e+17 1.16858e+45
2.15113e+17 1.16858e+45
2.15145e+17 1.16858e+45
2.15176e+17 1.16858e+45
2.15208e+17 1.16858e+45
2.15239e+17 1.16858e+45
2.15271e+17 1.16858e+45
2.15302e+17 1.16858e+45
2.15334e+17 1.16858e+45
2.15365e+17 1.16858e+45
2.15397e+17 1.16858e+45
2.15429e+17 1.16858e+45
2.1546e+17 1.16858e+45
2.15492e+17 1.16858e+45
2.15523e+17 1.16858e+45
2.15555e+17 1.16858e+45
2.15586e+17 1.16858e+45
2.15618e+17 1.16858e+45
2.15649e+17 1.16858e+45
2.15681e+17 1.16858e+45
2.15713e+17 1.16858e+45
2.15744e+17 1.16858e+45
2.15776e+17 1.16858e+45
2.15807e+17 1.16858e+45
2.15839e+17 1.16858e+45
2.1587e+17 1.16858e+45
2.15902e+17 1.16858e+45
2.15934e+17 1.16858e+45
2.15965e+17 1.16858e+45
2.15997e+17 1.16858e+45
2.16028e+17 1.16858e+45
2.1606e+17 1.16858e+45
2.16091e+17 1.16858e+45
2.16123e+17 1.16858e+45
2.16154e+17 1.16858e+45
2.16186e+17 1.16858e+45
2.16218e+17 1.16858e+45
2.16249e+17 1.16858e+45
2.16281e+17 1.16858e+45
2.16312e+17 1.16858e+45
2.16344e+17 1.16858e+45
2.16375e+17 1.16858e+45
2.16407e+17 1.16858e+45
2.16438e+17 1.16858e+45
2.1647e+17 1.16858e+45
2.16502e+17 1.16858e+45
2.16533e+17 1.16858e+45
2.16565e+17 1.16858e+45
2.16596e+17 1.16858e+45
2.16628e+17 1.16858e+45
2.16659e+17 1.16858e+45
2.16691e+17 1.16858e+45
2.16723e+17 1.16858e+45
2.16754e+17 1.16858e+45
2.16786e+17 1.16858e+45
2.16817e+17 1.16858e+45
2.16849e+17 1.16858e+45
2.1688e+17 1.16858e+45
2.16912e+17 1.16858e+45
2.16943e+17 1.16858e+45
2.16975e+17 1.16858e+45
2.17007e+17 1.16858e+45
2.17038e+17 1.16858e+45
2.1707e+17 1.16858e+45
2.17101e+17 1.16858e+45
2.17133e+17 1.16858e+45
2.17164e+17 1.16858e+45
2.17196e+17 1.16858e+45
2.17227e+17 1.16858e+45
2.17259e+17 1.16858e+45
2.17291e+17 1.16858e+45
2.17322e+17 1.16858e+45
2.17354e+17 1.16858e+45
2.17385e+17 1.16858e+45
2.17417e+17 1.16858e+45
2.17448e+17 1.16858e+45
2.1748e+17 1.16858e+45
2.17512e+17 1.16858e+45
2.17543e+17 1.16858e+45
2.17575e+17 1.16858e+45
2.17606e+17 1.16858e+45
2.17638e+17 1.16858e+45
2.17669e+17 1.16858e+45
2.17701e+17 1.16858e+45
2.17732e+17 1.16858e+45
2.17764e+17 1.16858e+45
2.17796e+17 1.16858e+45
2.17827e+17 1.16858e+45
2.17859e+17 1.16858e+45
2.1789e+17 1.16858e+45
2.17922e+17 1.16858e+45
2.17953e+17 1.16858e+45
2.17985e+17 1.16858e+45
2.18016e+17 1.16858e+45
2.18048e+17 1.16858e+45
2.1808e+17 1.16858e+45
2.18111e+17 1.16858e+45
2.18143e+17 1.16858e+45
2.18174e+17 1.16858e+45
2.18206e+17 1.16858e+45
2.18237e+17 1.16858e+45
2.18269e+17 1.16858e+45
2.18301e+17 1.16858e+45
2.18332e+17 1.16858e+45
2.18364e+17 1.16858e+45
2.18395e+17 1.16858e+45
2.18427e+17 1.16858e+45
2.18458e+17 1.16858e+45
2.1849e+17 1.16858e+45
2.18521e+17 1.16858e+45
2.18553e+17 1.16858e+45
2.18585e+17 1.16858e+45
2.18616e+17 1.16858e+45
2.18648e+17 1.16858e+45
2.18679e+17 1.16858e+45
2.18711e+17 1.16858e+45
2.18742e+17 1.16858e+45
2.18774e+17 1.16858e+45
2.18805e+17 1.16858e+45
2.18837e+17 1.16858e+45
2.18869e+17 1.16858e+45
2.189e+17 1.16858e+45
2.18932e+17 1.16858e+45
2.18963e+17 1.16858e+45
2.18995e+17 1.16858e+45
2.19026e+17 1.16858e+45
2.19058e+17 1.16858e+45
2.1909e+17 1.16858e+45
2.19121e+17 1.16858e+45
2.19153e+17 1.16858e+45
2.19184e+17 1.16858e+45
2.19216e+17 1.16858e+45
2.19247e+17 1.16858e+45
2.19279e+17 1.16858e+45
2.1931e+17 1.16858e+45
2.19342e+17 1.16858e+45
2.19374e+17 1.16858e+45
2.19405e+17 1.16858e+45
2.19437e+17 1.16858e+45
2.19468e+17 1.16858e+45
2.195e+17 1.16858e+45
2.19531e+17 1.16858e+45
2.19563e+17 1.16858e+45
2.19594e+17 1.16858e+45
2.19626e+17 1.16858e+45
2.19658e+17 1.16858e+45
2.19689e+17 1.16858e+45
2.19721e+17 1.16858e+45
2.19752e+17 1.16858e+45
2.19784e+17 1.16858e+45
2.19815e+17 1.16858e+45
2.19847e+17 1.16858e+45
2.19879e+17 1.16858e+45
2.1991e+17 1.16858e+45
2.19942e+17 1.16858e+45
2.19973e+17 1.16858e+45
2.20005e+17 1.16858e+45
2.20036e+17 1.16858e+45
2.20068e+17 1.16858e+45
2.20099e+17 1.16858e+45
2.20131e+17 1.16858e+45
2.20163e+17 1.16858e+45
2.20194e+17 1.16858e+45
2.20226e+17 1.16858e+45
2.20257e+17 1.16858e+45
2.20289e+17 1.16858e+45
2.2032e+17 1.16858e+45
2.20352e+17 1.16858e+45
2.20383e+17 1.16858e+45
2.20415e+17 1.16858e+45
2.20447e+17 1.16858e+45
2.20478e+17 1.16858e+45
2.2051e+17 1.16858e+45
2.20541e+17 1.16858e+45
2.20573e+17 1.16858e+45
2.20604e+17 1.16858e+45
2.20636e+17 1.16858e+45
2.20668e+17 1.16858e+45
2.20699e+17 1.16858e+45
2.20731e+17 1.16858e+45
2.20762e+17 1.16858e+45
2.20794e+17 1.16858e+45
2.20825e+17 1.16858e+45
2.20857e+17 1.16858e+45
2.20888e+17 1.16858e+45
2.2092e+17 1.16858e+45
2.20952e+17 1.16858e+45
2.20983e+17 1.16858e+45
2.21015e+17 1.16858e+45
2.21046e+17 1.16858e+45
2.21078e+17 1.16858e+45
2.21109e+17 1.16858e+45
2.21141e+17 1.16858e+45
2.21172e+17 1.16858e+45
2.21204e+17 1.16858e+45
2.21236e+17 1.16858e+45
2.21267e+17 1.16858e+45
2.21299e+17 1.16858e+45
2.2133e+17 1.16858e+45
2.21362e+17 1.16858e+45
2.21393e+17 1.16858e+45
2.21425e+17 1.16858e+45
2.21457e+17 1.16858e+45
2.21488e+17 1.16858e+45
2.2152e+17 1.16858e+45
2.21551e+17 1.16858e+45
2.21583e+17 1.16858e+45
2.21614e+17 1.16858e+45
2.21646e+17 1.16858e+45
2.21677e+17 1.16858e+45
2.21709e+17 1.16858e+45
2.21741e+17 1.16858e+45
2.21772e+17 1.16858e+45
2.21804e+17 1.16858e+45
2.21835e+17 1.16858e+45
2.21867e+17 1.16858e+45
2.21898e+17 1.16858e+45
2.2193e+17 1.16858e+45
2.21961e+17 1.16858e+45
2.21993e+17 1.16858e+45
2.22025e+17 1.16858e+45
2.22056e+17 1.16858e+45
2.22088e+17 1.16858e+45
2.22119e+17 1.16858e+45
2.22151e+17 1.16858e+45
2.22182e+17 1.16858e+45
2.22214e+17 1.16858e+45
2.22246e+17 1.16858e+45
2.22277e+17 1.16858e+45
2.22309e+17 1.16858e+45
2.2234e+17 1.16858e+45
2.22372e+17 1.16858e+45
2.22403e+17 1.16858e+45
2.22435e+17 1.16858e+45
2.22466e+17 1.16858e+45
2.22498e+17 1.16858e+45
2.2253e+17 1.16858e+45
2.22561e+17 1.16858e+45
2.22593e+17 1.16858e+45
2.22624e+17 1.16858e+45
2.22656e+17 1.16858e+45
2.22687e+17 1.16858e+45
2.22719e+17 1.16858e+45
2.2275e+17 1.16858e+45
2.22782e+17 1.16858e+45
2.22814e+17 1.16858e+45
2.22845e+17 1.16858e+45
2.22877e+17 1.16858e+45
2.22908e+17 1.16858e+45
2.2294e+17 1.16858e+45
2.22971e+17 1.16858e+45
2.23003e+17 1.16858e+45
2.23035e+17 1.16858e+45
2.23066e+17 1.16858e+45
2.23098e+17 1.16858e+45
2.23129e+17 1.16858e+45
2.23161e+17 1.16858e+45
2.23192e+17 1.16858e+45
2.23224e+17 1.16858e+45
2.23255e+17 1.16858e+45
2.23287e+17 1.16858e+45
2.23319e+17 1.16858e+45
2.2335e+17 1.16858e+45
2.23382e+17 1.16858e+45
2.23413e+17 1.16858e+45
2.23445e+17 1.16858e+45
2.23476e+17 1.16858e+45
2.23508e+17 1.16858e+45
2.23539e+17 1.16858e+45
2.23571e+17 1.16858e+45
2.23603e+17 1.16858e+45
2.23634e+17 1.16858e+45
2.23666e+17 1.16858e+45
2.23697e+17 1.16858e+45
2.23729e+17 1.16858e+45
2.2376e+17 1.16858e+45
2.23792e+17 1.16858e+45
2.23824e+17 1.16858e+45
2.23855e+17 1.16858e+45
2.23887e+17 1.16858e+45
2.23918e+17 1.16858e+45
2.2395e+17 1.16858e+45
2.23981e+17 1.16858e+45
2.24013e+17 1.16858e+45
2.24044e+17 1.16858e+45
2.24076e+17 1.16858e+45
2.24108e+17 1.16858e+45
2.24139e+17 1.16858e+45
2.24171e+17 1.16858e+45
2.24202e+17 1.16858e+45
2.24234e+17 1.16858e+45
2.24265e+17 1.16858e+45
2.24297e+17 1.16858e+45
2.24328e+17 1.16858e+45
2.2436e+17 1.16858e+45
2.24392e+17 1.16858e+45
2.24423e+17 1.16858e+45
2.24455e+17 1.16858e+45
2.24486e+17 1.16858e+45
2.24518e+17 1.16858e+45
2.24549e+17 1.16858e+45
2.24581e+17 1.16858e+45
2.24613e+17 1.16858e+45
2.24644e+17 1.16858e+45
2.24676e+17 1.16858e+45
2.24707e+17 1.16858e+45
2.24739e+17 1.16858e+45
2.2477e+17 1.16858e+45
2.24802e+17 1.16858e+45
2.24833e+17 1.16858e+45
2.24865e+17 1.16858e+45
2.24897e+17 1.16858e+45
2.24928e+17 1.16858e+45
2.2496e+17 1.16858e+45
2.24991e+17 1.16858e+45
2.25023e+17 1.16858e+45
2.25054e+17 1.16858e+45
2.25086e+17 1.16858e+45
2.25117e+17 1.16858e+45
2.25149e+17 1.16858e+45
2.25181e+17 1.16858e+45
2.25212e+17 1.16858e+45
2.25244e+17 1.16858e+45
2.25275e+17 1.16858e+45
2.25307e+17 1.16858e+45
2.25338e+17 1.16858e+45
2.2537e+17 1.16858e+45
2.25402e+17 1.16858e+45
2.25433e+17 1.16858e+45
2.25465e+17 1.16858e+45
2.25496e+17 1.16858e+45
2.25528e+17 1.16858e+45
2.25559e+17 1.16858e+45
2.25591e+17 1.16858e+45
2.25622e+17 1.16858e+45
2.25654e+17 1.16858e+45
2.25686e+17 1.16858e+45
2.25717e+17 1.16858e+45
2.25749e+17 1.16858e+45
2.2578e+17 1.16858e+45
2.25812e+17 1.16858e+45
2.25843e+17 1.16858e+45
2.25875e+17 1.16858e+45
2.25906e+17 1.16858e+45
2.25938e+17 1.16858e+45
2.2597e+17 1.16858e+45
2.26001e+17 1.16858e+45
2.26033e+17 1.16858e+45
2.26064e+17 1.16858e+45
2.26096e+17 1.16858e+45
2.26127e+17 1.16858e+45
2.26159e+17 1.16858e+45
2.26191e+17 1.16858e+45
2.26222e+17 1.16858e+45
2.26254e+17 1.16858e+45
2.26285e+17 1.16858e+45
2.26317e+17 1.16858e+45
2.26348e+17 1.16858e+45
2.2638e+17 1.16858e+45
2.26411e+17 1.16858e+45
2.26443e+17 1.16858e+45
2.26475e+17 1.16858e+45
2.26506e+17 1.16858e+45
2.26538e+17 1.16858e+45
2.26569e+17 1.16858e+45
2.26601e+17 1.16858e+45
2.26632e+17 1.16858e+45
2.26664e+17 1.16858e+45
2.26695e+17 1.16858e+45
2.26727e+17 1.16858e+45
2.26759e+17 1.16858e+45
2.2679e+17 1.16858e+45
2.26822e+17 1.16858e+45
2.26853e+17 1.16858e+45
2.26885e+17 1.16858e+45
2.26916e+17 1.16858e+45
2.26948e+17 1.16858e+45
2.2698e+17 1.16858e+45
2.27011e+17 1.16858e+45
2.27043e+17 1.16858e+45
2.27074e+17 1.16858e+45
2.27106e+17 1.16858e+45
2.27137e+17 1.16858e+45
2.27169e+17 1.16858e+45
2.272e+17 1.16858e+45
2.27232e+17 1.16858e+45
2.27264e+17 1.16858e+45
2.27295e+17 1.16858e+45
2.27327e+17 1.16858e+45
2.27358e+17 1.16858e+45
2.2739e+17 1.16858e+45
2.27421e+17 1.16858e+45
2.27453e+17 1.16858e+45
2.27484e+17 1.16858e+45
2.27516e+17 1.16858e+45
2.27548e+17 1.16858e+45
2.27579e+17 1.16858e+45
2.27611e+17 1.16858e+45
2.27642e+17 1.16858e+45
2.27674e+17 1.16858e+45
2.27705e+17 1.16858e+45
2.27737e+17 1.16858e+45
2.27769e+17 1.16858e+45
2.278e+17 1.16858e+45
2.27832e+17 1.16858e+45
2.27863e+17 1.16858e+45
2.27895e+17 1.16858e+45
2.27926e+17 1.16858e+45
2.27958e+17 1.16858e+45
2.27989e+17 1.16858e+45
2.28021e+17 1.16858e+45
2.28053e+17 1.16858e+45
2.28084e+17 1.16858e+45
2.28116e+17 1.16858e+45
2.28147e+17 1.16858e+45
2.28179e+17 1.16858e+45
2.2821e+17 1.16858e+45
2.28242e+17 1.16858e+45
2.28273e+17 1.16858e+45
2.28305e+17 1.16858e+45
2.28337e+17 1.16858e+45
2.28368e+17 1.16858e+45
2.284e+17 1.16858e+45
2.28431e+17 1.16858e+45
2.28463e+17 1.16858e+45
2.28494e+17 1.16858e+45
2.28526e+17 1.16858e+45
2.28558e+17 1.16858e+45
2.28589e+17 1.16858e+45
2.28621e+17 1.16858e+45
2.28652e+17 1.16858e+45
2.28684e+17 1.16858e+45
2.28715e+17 1.16858e+45
2.28747e+17 1.16858e+45
2.28778e+17 1.16858e+45
2.2881e+17 1.16858e+45
2.28842e+17 1.16858e+45
2.28873e+17 1.16858e+45
2.28905e+17 1.16858e+45
2.28936e+17 1.16858e+45
2.28968e+17 1.16858e+45
2.28999e+17 1.16858e+45
2.29031e+17 1.16858e+45
2.29062e+17 1.16858e+45
2.29094e+17 1.16858e+45
2.29126e+17 1.16858e+45
2.29157e+17 1.16858e+45
2.29189e+17 1.16858e+45
2.2922e+17 1.16858e+45
2.29252e+17 1.16858e+45
2.29283e+17 1.16858e+45
2.29315e+17 1.16858e+45
2.29347e+17 1.16858e+45
2.29378e+17 1.16858e+45
2.2941e+17 1.16858e+45
2.29441e+17 1.16858e+45
2.29473e+17 1.16858e+45
2.29504e+17 1.16858e+45
2.29536e+17 1.16858e+45
2.29567e+17 1.16858e+45
2.29599e+17 1.16858e+45
2.29631e+17 1.16858e+45
2.29662e+17 1.16858e+45
2.29694e+17 1.16858e+45
2.29725e+17 1.16858e+45
2.29757e+17 1.16858e+45
2.29788e+17 1.16858e+45
2.2982e+17 1.16858e+45
2.29851e+17 1.16858e+45
2.29883e+17 1.16858e+45
2.29915e+17 1.16858e+45
2.29946e+17 1.16858e+45
2.29978e+17 1.16858e+45
2.30009e+17 1.16858e+45
2.30041e+17 1.16858e+45
2.30072e+17 1.16858e+45
2.30104e+17 1.16858e+45
2.30136e+17 1.16858e+45
2.30167e+17 1.16858e+45
2.30199e+17 1.16858e+45
2.3023e+17 1.16858e+45
2.30262e+17 1.16858e+45
2.30293e+17 1.16858e+45
2.30325e+17 1.16858e+45
2.30356e+17 1.16858e+45
2.30388e+17 1.16858e+45
2.3042e+17 1.16858e+45
2.30451e+17 1.16858e+45
2.30483e+17 1.16858e+45
2.30514e+17 1.16858e+45
2.30546e+17 1.16858e+45
2.30577e+17 1.16858e+45
2.30609e+17 1.16858e+45
2.3064e+17 1.16858e+45
2.30672e+17 1.16858e+45
2.30704e+17 1.16858e+45
2.30735e+17 1.16858e+45
2.30767e+17 1.16858e+45
2.30798e+17 1.16858e+45
2.3083e+17 1.16858e+45
2.30861e+17 1.16858e+45
2.30893e+17 1.16858e+45
2.30925e+17 1.16858e+45
2.30956e+17 1.16858e+45
2.30988e+17 1.16858e+45
2.31019e+17 1.16858e+45
2.31051e+17 1.16858e+45
2.31082e+17 1.16858e+45
2.31114e+17 1.16858e+45
2.31145e+17 1.16858e+45
2.31177e+17 1.16858e+45
2.31209e+17 1.16858e+45
2.3124e+17 1.16858e+45
2.31272e+17 1.16858e+45
2.31303e+17 1.16858e+45
2.31335e+17 1.16858e+45
2.31366e+17 1.16858e+45
2.31398e+17 1.16858e+45
2.31429e+17 1.16858e+45
2.31461e+17 1.16858e+45
2.31493e+17 1.16858e+45
2.31524e+17 1.16858e+45
2.31556e+17 1.16858e+45
2.31587e+17 1.16858e+45
2.31619e+17 1.16858e+45
2.3165e+17 1.16858e+45
2.31682e+17 1.16858e+45
2.31714e+17 1.16858e+45
2.31745e+17 1.16858e+45
2.31777e+17 1.16858e+45
2.31808e+17 1.16858e+45
2.3184e+17 1.16858e+45
2.31871e+17 1.16858e+45
2.31903e+17 1.16858e+45
2.31934e+17 1.16858e+45
2.31966e+17 1.16858e+45
2.31998e+17 1.16858e+45
2.32029e+17 1.16858e+45
2.32061e+17 1.16858e+45
2.32092e+17 1.16858e+45
2.32124e+17 1.16858e+45
2.32155e+17 1.16858e+45
2.32187e+17 1.16858e+45
2.32218e+17 1.16858e+45
2.3225e+17 1.16858e+45
2.32282e+17 1.16858e+45
2.32313e+17 1.16858e+45
2.32345e+17 1.16858e+45
2.32376e+17 1.16858e+45
2.32408e+17 1.16858e+45
2.32439e+17 1.16858e+45
2.32471e+17 1.16858e+45
2.32503e+17 1.16858e+45
2.32534e+17 1.16858e+45
2.32566e+17 1.16858e+45
2.32597e+17 1.16858e+45
2.32629e+17 1.16858e+45
2.3266e+17 1.16858e+45
2.32692e+17 1.16858e+45
2.32723e+17 1.16858e+45
2.32755e+17 1.16858e+45
2.32787e+17 1.16858e+45
2.32818e+17 1.16858e+45
2.3285e+17 1.16858e+45
2.32881e+17 1.16858e+45
2.32913e+17 1.16858e+45
2.32944e+17 1.16858e+45
2.32976e+17 1.16858e+45
2.33007e+17 1.16858e+45
2.33039e+17 1.16858e+45
2.33071e+17 1.16858e+45
2.33102e+17 1.16858e+45
2.33134e+17 1.16858e+45
2.33165e+17 1.16858e+45
2.33197e+17 1.16858e+45
2.33228e+17 1.16858e+45
2.3326e+17 1.16858e+45
2.33292e+17 1.16858e+45
2.33323e+17 1.16858e+45
2.33355e+17 1.16858e+45
2.33386e+17 1.16858e+45
2.33418e+17 1.16858e+45
2.33449e+17 1.16858e+45
2.33481e+17 1.16858e+45
2.33512e+17 1.16858e+45
2.33544e+17 1.16858e+45
2.33576e+17 1.16858e+45
2.33607e+17 1.16858e+45
2.33639e+17 1.16858e+45
2.3367e+17 1.16858e+45
2.33702e+17 1.16858e+45
2.33733e+17 1.16858e+45
2.33765e+17 1.16858e+45
2.33796e+17 1.16858e+45
2.33828e+17 1.16858e+45
2.3386e+17 1.16858e+45
2.33891e+17 1.16858e+45
2.33923e+17 1.16858e+45
2.33954e+17 1.16858e+45
2.33986e+17 1.16858e+45
2.34017e+17 1.16858e+45
2.34049e+17 1.16858e+45
2.34081e+17 1.16858e+45
2.34112e+17 1.16858e+45
2.34144e+17 1.16858e+45
2.34175e+17 1.16858e+45
2.34207e+17 1.16858e+45
2.34238e+17 1.16858e+45
2.3427e+17 1.16858e+45
2.34301e+17 1.16858e+45
2.34333e+17 1.16858e+45
2.34365e+17 1.16858e+45
2.34396e+17 1.16858e+45
2.34428e+17 1.16858e+45
2.34459e+17 1.16858e+45
2.34491e+17 1.16858e+45
2.34522e+17 1.16858e+45
2.34554e+17 1.16858e+45
2.34585e+17 1.16858e+45
2.34617e+17 1.16858e+45
2.34649e+17 1.16858e+45
2.3468e+17 1.16858e+45
2.34712e+17 1.16858e+45
2.34743e+17 1.16858e+45
2.34775e+17 1.16858e+45
2.34806e+17 1.16858e+45
2.34838e+17 1.16858e+45
2.3487e+17 1.16858e+45
2.34901e+17 1.16858e+45
2.34933e+17 1.16858e+45
2.34964e+17 1.16858e+45
2.34996e+17 1.16858e+45
2.35027e+17 1.16858e+45
2.35059e+17 1.16858e+45
2.3509e+17 1.16858e+45
2.35122e+17 1.16858e+45
2.35154e+17 1.16858e+45
2.35185e+17 1.16858e+45
2.35217e+17 1.16858e+45
2.35248e+17 1.16858e+45
2.3528e+17 1.16858e+45
2.35311e+17 1.16858e+45
2.35343e+17 1.16858e+45
2.35374e+17 1.16858e+45
2.35406e+17 1.16858e+45
2.35438e+17 1.16858e+45
2.35469e+17 1.16858e+45
2.35501e+17 1.16858e+45
2.35532e+17 1.16858e+45
2.35564e+17 1.16858e+45
2.35595e+17 1.16858e+45
2.35627e+17 1.16858e+45
2.35659e+17 1.16858e+45
2.3569e+17 1.16858e+45
2.35722e+17 1.16858e+45
2.35753e+17 1.16858e+45
2.35785e+17 1.16858e+45
2.35816e+17 1.16858e+45
2.35848e+17 1.16858e+45
2.35879e+17 1.16858e+45
2.35911e+17 1.16858e+45
2.35943e+17 1.16858e+45
2.35974e+17 1.16858e+45
2.36006e+17 1.16858e+45
2.36037e+17 1.16858e+45
2.36069e+17 1.16858e+45
2.361e+17 1.16858e+45
2.36132e+17 1.16858e+45
2.36163e+17 1.16858e+45
2.36195e+17 1.16858e+45
2.36227e+17 1.16858e+45
2.36258e+17 1.16858e+45
2.3629e+17 1.16858e+45
2.36321e+17 1.16858e+45
2.36353e+17 1.16858e+45
2.36384e+17 1.16858e+45
2.36416e+17 1.16858e+45
2.36448e+17 1.16858e+45
2.36479e+17 1.16858e+45
2.36511e+17 1.16858e+45
2.36542e+17 1.16858e+45
2.36574e+17 1.16858e+45
2.36605e+17 1.16858e+45
2.36637e+17 1.16858e+45
2.36668e+17 1.16858e+45
2.367e+17 1.16858e+45
2.36732e+17 1.16858e+45
2.36763e+17 1.16858e+45
2.36795e+17 1.16858e+45
2.36826e+17 1.16858e+45
2.36858e+17 1.16858e+45
2.36889e+17 1.16858e+45
2.36921e+17 1.16858e+45
2.36952e+17 1.16858e+45
2.36984e+17 1.16858e+45
2.37016e+17 1.16858e+45
2.37047e+17 1.16858e+45
2.37079e+17 1.16858e+45
2.3711e+17 1.16858e+45
2.37142e+17 1.16858e+45
2.37173e+17 1.16858e+45
2.37205e+17 1.16858e+45
2.37237e+17 1.16858e+45
2.37268e+17 1.16858e+45
2.373e+17 1.16858e+45
2.37331e+17 1.16858e+45
2.37363e+17 1.16858e+45
2.37394e+17 1.16858e+45
2.37426e+17 1.16858e+45
2.37457e+17 1.16858e+45
2.37489e+17 1.16858e+45
2.37521e+17 1.16858e+45
2.37552e+17 1.16858e+45
2.37584e+17 1.16858e+45
2.37615e+17 1.16858e+45
2.37647e+17 1.16858e+45
2.37678e+17 1.16858e+45
2.3771e+17 1.16858e+45
2.37741e+17 1.16858e+45
2.37773e+17 1.16858e+45
2.37805e+17 1.16858e+45
2.37836e+17 1.16858e+45
2.37868e+17 1.16858e+45
2.37899e+17 1.16858e+45
2.37931e+17 1.16858e+45
2.37962e+17 1.16858e+45
2.37994e+17 1.16858e+45
2.38026e+17 1.16858e+45
2.38057e+17 1.16858e+45
2.38089e+17 1.16858e+45
2.3812e+17 1.16858e+45
2.38152e+17 1.16858e+45
2.38183e+17 1.16858e+45
2.38215e+17 1.16858e+45
2.38246e+17 1.16858e+45
2.38278e+17 1.16858e+45
2.3831e+17 1.16858e+45
2.38341e+17 1.16858e+45
2.38373e+17 1.16858e+45
2.38404e+17 1.16858e+45
2.38436e+17 1.16858e+45
2.38467e+17 1.16858e+45
2.38499e+17 1.16858e+45
2.3853e+17 1.16858e+45
2.38562e+17 1.16858e+45
2.38594e+17 1.16858e+45
2.38625e+17 1.16858e+45
2.38657e+17 1.16858e+45
2.38688e+17 1.16858e+45
2.3872e+17 1.16858e+45
2.38751e+17 1.16858e+45
2.38783e+17 1.16858e+45
2.38815e+17 1.16858e+45
2.38846e+17 1.16858e+45
2.38878e+17 1.16858e+45
2.38909e+17 1.16858e+45
2.38941e+17 1.16858e+45
2.38972e+17 1.16858e+45
2.39004e+17 1.16858e+45
2.39035e+17 1.16858e+45
2.39067e+17 1.16858e+45
2.39099e+17 1.16858e+45
2.3913e+17 1.16858e+45
2.39162e+17 1.16858e+45
2.39193e+17 1.16858e+45
2.39225e+17 1.16858e+45
2.39256e+17 1.16858e+45
2.39288e+17 1.16858e+45
2.39319e+17 1.16858e+45
2.39351e+17 1.16858e+45
2.39383e+17 1.16858e+45
2.39414e+17 1.16858e+45
2.39446e+17 1.16858e+45
2.39477e+17 1.16858e+45
2.39509e+17 1.16858e+45
2.3954e+17 1.16858e+45
2.39572e+17 1.16858e+45
2.39604e+17 1.16858e+45
2.39635e+17 1.16858e+45
2.39667e+17 1.16858e+45
2.39698e+17 1.16858e+45
2.3973e+17 1.16858e+45
2.39761e+17 1.16858e+45
2.39793e+17 1.16858e+45
2.39824e+17 1.16858e+45
2.39856e+17 1.16858e+45
2.39888e+17 1.16858e+45
2.39919e+17 1.16858e+45
2.39951e+17 1.16858e+45
2.39982e+17 1.16858e+45
2.40014e+17 1.16858e+45
2.40045e+17 1.16858e+45
2.40077e+17 1.16858e+45
2.40108e+17 1.16858e+45
2.4014e+17 1.16858e+45
2.40172e+17 1.16858e+45
2.40203e+17 1.16858e+45
2.40235e+17 1.16858e+45
2.40266e+17 1.16858e+45
2.40298e+17 1.16858e+45
2.40329e+17 1.16858e+45
2.40361e+17 1.16858e+45
2.40393e+17 1.16858e+45
2.40424e+17 1.16858e+45
2.40456e+17 1.16858e+45
2.40487e+17 1.16858e+45
2.40519e+17 1.16858e+45
2.4055e+17 1.16858e+45
2.40582e+17 1.16858e+45
2.40613e+17 1.16858e+45
2.40645e+17 1.16858e+45
2.40677e+17 1.16858e+45
2.40708e+17 1.16858e+45
2.4074e+17 1.16858e+45
2.40771e+17 1.16858e+45
2.40803e+17 1.16858e+45
2.40834e+17 1.16858e+45
2.40866e+17 1.16858e+45
2.40897e+17 1.16858e+45
2.40929e+17 1.16858e+45
2.40961e+17 1.16858e+45
2.40992e+17 1.16858e+45
2.41024e+17 1.16858e+45
2.41055e+17 1.16858e+45
2.41087e+17 1.16858e+45
2.41118e+17 1.16858e+45
2.4115e+17 1.16858e+45
2.41182e+17 1.16858e+45
2.41213e+17 1.16858e+45
2.41245e+17 1.16858e+45
2.41276e+17 1.16858e+45
2.41308e+17 1.16858e+45
2.41339e+17 1.16858e+45
2.41371e+17 1.16858e+45
2.41402e+17 1.16858e+45
2.41434e+17 1.16858e+45
2.41466e+17 1.16858e+45
2.41497e+17 1.16858e+45
2.41529e+17 1.16858e+45
2.4156e+17 1.16858e+45
2.41592e+17 1.16858e+45
2.41623e+17 1.16858e+45
2.41655e+17 1.16858e+45
2.41686e+17 1.16858e+45
2.41718e+17 1.16858e+45
2.4175e+17 1.16858e+45
2.41781e+17 1.16858e+45
2.41813e+17 1.16858e+45
2.41844e+17 1.16858e+45
2.41876e+17 1.16858e+45
2.41907e+17 1.16858e+45
2.41939e+17 1.16858e+45
2.41971e+17 1.16858e+45
2.42002e+17 1.16858e+45
2.42034e+17 1.16858e+45
2.42065e+17 1.16858e+45
2.42097e+17 1.16858e+45
2.42128e+17 1.16858e+45
2.4216e+17 1.16858e+45
2.42191e+17 1.16858e+45
2.42223e+17 1.16858e+45
2.42255e+17 1.16858e+45
2.42286e+17 1.16858e+45
2.42318e+17 1.16858e+45
2.42349e+17 1.16858e+45
2.42381e+17 1.16858e+45
2.42412e+17 1.16858e+45
2.42444e+17 1.16858e+45
2.42475e+17 1.16858e+45
2.42507e+17 1.16858e+45
2.42539e+17 1.16858e+45
2.4257e+17 1.16858e+45
2.42602e+17 1.16858e+45
2.42633e+17 1.16858e+45
2.42665e+17 1.16858e+45
2.42696e+17 1.16858e+45
2.42728e+17 1.16858e+45
2.4276e+17 1.16858e+45
2.42791e+17 1.16858e+45
2.42823e+17 1.16858e+45
2.42854e+17 1.16858e+45
2.42886e+17 1.16858e+45
2.42917e+17 1.16858e+45
2.42949e+17 1.16858e+45
2.4298e+17 1.16858e+45
2.43012e+17 1.16858e+45
2.43044e+17 1.16858e+45
2.43075e+17 1.16858e+45
2.43107e+17 1.16858e+45
2.43138e+17 1.16858e+45
2.4317e+17 1.16858e+45
2.43201e+17 1.16858e+45
2.43233e+17 1.16858e+45
2.43264e+17 1.16858e+45
2.43296e+17 1.16858e+45
2.43328e+17 1.16858e+45
2.43359e+17 1.16858e+45
2.43391e+17 1.16858e+45
2.43422e+17 1.16858e+45
2.43454e+17 1.16858e+45
2.43485e+17 1.16858e+45
2.43517e+17 1.16858e+45
2.43549e+17 1.16858e+45
2.4358e+17 1.16858e+45
2.43612e+17 1.16858e+45
2.43643e+17 1.16858e+45
2.43675e+17 1.16858e+45
2.43706e+17 1.16858e+45
2.43738e+17 1.16858e+45
2.43769e+17 1.16858e+45
2.43801e+17 1.16858e+45
2.43833e+17 1.16858e+45
2.43864e+17 1.16858e+45
2.43896e+17 1.16858e+45
2.43927e+17 1.16858e+45
2.43959e+17 1.16858e+45
2.4399e+17 1.16858e+45
2.44022e+17 1.16858e+45
2.44053e+17 1.16858e+45
2.44085e+17 1.16858e+45
2.44117e+17 1.16858e+45
2.44148e+17 1.16858e+45
2.4418e+17 1.16858e+45
2.44211e+17 1.16858e+45
2.44243e+17 1.16858e+45
2.44274e+17 1.16858e+45
2.44306e+17 1.16858e+45
2.44338e+17 1.16858e+45
2.44369e+17 1.16858e+45
2.44401e+17 1.16858e+45
2.44432e+17 1.16858e+45
2.44464e+17 1.16858e+45
2.44495e+17 1.16858e+45
2.44527e+17 1.16858e+45
2.44558e+17 1.16858e+45
2.4459e+17 1.16858e+45
2.44622e+17 1.16858e+45
2.44653e+17 1.16858e+45
2.44685e+17 1.16858e+45
2.44716e+17 1.16858e+45
2.44748e+17 1.16858e+45
2.44779e+17 1.16858e+45
2.44811e+17 1.16858e+45
2.44842e+17 1.16858e+45
2.44874e+17 1.16858e+45
2.44906e+17 1.16858e+45
2.44937e+17 1.16858e+45
2.44969e+17 1.16858e+45
2.45e+17 1.16858e+45
2.45032e+17 1.16858e+45
2.45063e+17 1.16858e+45
2.45095e+17 1.16858e+45
2.45127e+17 1.16858e+45
2.45158e+17 1.16858e+45
2.4519e+17 1.16858e+45
2.45221e+17 1.16858e+45
2.45253e+17 1.16858e+45
2.45284e+17 1.16858e+45
2.45316e+17 1.16858e+45
2.45347e+17 1.16858e+45
2.45379e+17 1.16858e+45
2.45411e+17 1.16858e+45
2.45442e+17 1.16858e+45
2.45474e+17 1.16858e+45
2.45505e+17 1.16858e+45
2.45537e+17 1.16858e+45
2.45568e+17 1.16858e+45
2.456e+17 1.16858e+45
2.45631e+17 1.16858e+45
2.45663e+17 1.16858e+45
2.45695e+17 1.16858e+45
2.45726e+17 1.16858e+45
2.45758e+17 1.16858e+45
2.45789e+17 1.16858e+45
2.45821e+17 1.16858e+45
2.45852e+17 1.16858e+45
2.45884e+17 1.16858e+45
2.45916e+17 1.16858e+45
2.45947e+17 1.16858e+45
2.45979e+17 1.16858e+45
2.4601e+17 1.16858e+45
2.46042e+17 1.16858e+45
2.46073e+17 1.16858e+45
2.46105e+17 1.16858e+45
2.46136e+17 1.16858e+45
2.46168e+17 1.16858e+45
2.462e+17 1.16858e+45
2.46231e+17 1.16858e+45
2.46263e+17 1.16858e+45
2.46294e+17 1.16858e+45
2.46326e+17 1.16858e+45
2.46357e+17 1.16858e+45
2.46389e+17 1.16858e+45
2.4642e+17 1.16858e+45
2.46452e+17 1.16858e+45
2.46484e+17 1.16858e+45
2.46515e+17 1.16858e+45
2.46547e+17 1.16858e+45
2.46578e+17 1.16858e+45
2.4661e+17 1.16858e+45
2.46641e+17 1.16858e+45
2.46673e+17 1.16858e+45
2.46705e+17 1.16858e+45
2.46736e+17 1.16858e+45
2.46768e+17 1.16858e+45
2.46799e+17 1.16858e+45
2.46831e+17 1.16858e+45
2.46862e+17 1.16858e+45
2.46894e+17 1.16858e+45
2.46925e+17 1.16858e+45
2.46957e+17 1.16858e+45
2.46989e+17 1.16858e+45
2.4702e+17 1.16858e+45
2.47052e+17 1.16858e+45
2.47083e+17 1.16858e+45
2.47115e+17 1.16858e+45
2.47146e+17 1.16858e+45
2.47178e+17 1.16858e+45
2.47209e+17 1.16858e+45
2.47241e+17 1.16858e+45
2.47273e+17 1.16858e+45
2.47304e+17 1.16858e+45
2.47336e+17 1.16858e+45
2.47367e+17 1.16858e+45
2.47399e+17 1.16858e+45
2.4743e+17 1.16858e+45
2.47462e+17 1.16858e+45
2.47494e+17 1.16858e+45
2.47525e+17 1.16858e+45
2.47557e+17 1.16858e+45
2.47588e+17 1.16858e+45
2.4762e+17 1.16858e+45
2.47651e+17 1.16858e+45
2.47683e+17 1.16858e+45
2.47714e+17 1.16858e+45
2.47746e+17 1.16858e+45
2.47778e+17 1.16858e+45
2.47809e+17 1.16858e+45
2.47841e+17 1.16858e+45
2.47872e+17 1.16858e+45
2.47904e+17 1.16858e+45
2.47935e+17 1.16858e+45
2.47967e+17 1.16858e+45
2.47998e+17 1.16858e+45
2.4803e+17 1.16858e+45
2.48062e+17 1.16858e+45
2.48093e+17 1.16858e+45
2.48125e+17 1.16858e+45
2.48156e+17 1.16858e+45
2.48188e+17 1.16858e+45
2.48219e+17 1.16858e+45
2.48251e+17 1.16858e+45
2.48283e+17 1.16858e+45
2.48314e+17 1.16858e+45
2.48346e+17 1.16858e+45
2.48377e+17 1.16858e+45
2.48409e+17 1.16858e+45
2.4844e+17 1.16858e+45
2.48472e+17 1.16858e+45
2.48503e+17 1.16858e+45
2.48535e+17 1.16858e+45
2.48567e+17 1.16858e+45
2.48598e+17 1.16858e+45
2.4863e+17 1.16858e+45
2.48661e+17 1.16858e+45
2.48693e+17 1.16858e+45
2.48724e+17 1.16858e+45
2.48756e+17 1.16858e+45
2.48787e+17 1.16858e+45
2.48819e+17 1.16858e+45
2.48851e+17 1.16858e+45
2.48882e+17 1.16858e+45
2.48914e+17 1.16858e+45
2.48945e+17 1.16858e+45
2.48977e+17 1.16858e+45
2.49008e+17 1.16858e+45
2.4904e+17 1.16858e+45
2.49072e+17 1.16858e+45
2.49103e+17 1.16858e+45
2.49135e+17 1.16858e+45
2.49166e+17 1.16858e+45
2.49198e+17 1.16858e+45
2.49229e+17 1.16858e+45
2.49261e+17 1.16858e+45
2.49292e+17 1.16858e+45
2.49324e+17 1.16858e+45
2.49356e+17 1.16858e+45
2.49387e+17 1.16858e+45
2.49419e+17 1.16858e+45
2.4945e+17 1.16858e+45
2.49482e+17 1.16858e+45
2.49513e+17 1.16858e+45
2.49545e+17 1.16858e+45
2.49576e+17 1.16858e+45
2.49608e+17 1.16858e+45
2.4964e+17 1.16858e+45
2.49671e+17 1.16858e+45
2.49703e+17 1.16858e+45
2.49734e+17 1.16858e+45
2.49766e+17 1.16858e+45
2.49797e+17 1.16858e+45
2.49829e+17 1.16858e+45
2.49861e+17 1.16858e+45
2.49892e+17 1.16858e+45
2.49924e+17 1.16858e+45
2.49955e+17 1.16858e+45
2.49987e+17 1.16858e+45
2.50018e+17 1.16858e+45
2.5005e+17 1.16858e+45
2.50081e+17 1.16858e+45
2.50113e+17 1.16858e+45
2.50145e+17 1.16858e+45
2.50176e+17 1.16858e+45
2.50208e+17 1.16858e+45
2.50239e+17 1.16858e+45
2.50271e+17 1.16858e+45
2.50302e+17 1.16858e+45
2.50334e+17 1.16858e+45
2.50365e+17 1.16858e+45
2.50397e+17 1.16858e+45
2.50429e+17 1.16858e+45
2.5046e+17 1.16858e+45
2.50492e+17 1.16858e+45
2.50523e+17 1.16858e+45
2.50555e+17 1.16858e+45
2.50586e+17 1.16858e+45
2.50618e+17 1.16858e+45
2.5065e+17 1.16858e+45
2.50681e+17 1.16858e+45
2.50713e+17 1.16858e+45
2.50744e+17 1.16858e+45
2.50776e+17 1.16858e+45
2.50807e+17 1.16858e+45
2.50839e+17 1.16858e+45
2.5087e+17 1.16858e+45
2.50902e+17 1.16858e+45
2.50934e+17 1.16858e+45
2.50965e+17 1.16858e+45
2.50997e+17 1.16858e+45
2.51028e+17 1.16858e+45
2.5106e+17 1.16858e+45
2.51091e+17 1.16858e+45
2.51123e+17 1.16858e+45
2.51154e+17 1.16858e+45
2.51186e+17 1.16858e+45
2.51218e+17 1.16858e+45
2.51249e+17 1.16858e+45
2.51281e+17 1.16858e+45
2.51312e+17 1.16858e+45
2.51344e+17 1.16858e+45
2.51375e+17 1.16858e+45
2.51407e+17 1.16858e+45
2.51439e+17 1.16858e+45
2.5147e+17 1.16858e+45
2.51502e+17 1.16858e+45
2.51533e+17 1.16858e+45
2.51565e+17 1.16858e+45
2.51596e+17 1.16858e+45
2.51628e+17 1.16858e+45
2.51659e+17 1.16858e+45
2.51691e+17 1.16858e+45
2.51723e+17 1.16858e+45
2.51754e+17 1.16858e+45
2.51786e+17 1.16858e+45
2.51817e+17 1.16858e+45
2.51849e+17 1.16858e+45
2.5188e+17 1.16858e+45
2.51912e+17 1.16858e+45
2.51943e+17 1.16858e+45
2.51975e+17 1.16858e+45
2.52007e+17 1.16858e+45
2.52038e+17 1.16858e+45
2.5207e+17 1.16858e+45
2.52101e+17 1.16858e+45
2.52133e+17 1.16858e+45
2.52164e+17 1.16858e+45
2.52196e+17 1.16858e+45
2.52228e+17 1.16858e+45
2.52259e+17 1.16858e+45
2.52291e+17 1.16858e+45
2.52322e+17 1.16858e+45
2.52354e+17 1.16858e+45
2.52385e+17 1.16858e+45
2.52417e+17 1.16858e+45
2.52448e+17 1.16858e+45
2.5248e+17 1.16858e+45
2.52512e+17 1.16858e+45
2.52543e+17 1.16858e+45
2.52575e+17 1.16858e+45
2.52606e+17 1.16858e+45
2.52638e+17 1.16858e+45
2.52669e+17 1.16858e+45
2.52701e+17 1.16858e+45
2.52732e+17 1.16858e+45
2.52764e+17 1.16858e+45
2.52796e+17 1.16858e+45
2.52827e+17 1.16858e+45
2.52859e+17 1.16858e+45
2.5289e+17 1.16858e+45
2.52922e+17 1.16858e+45
2.52953e+17 1.16858e+45
2.52985e+17 1.16858e+45
2.53017e+17 1.16858e+45
2.53048e+17 1.16858e+45
2.5308e+17 1.16858e+45
2.53111e+17 1.16858e+45
2.53143e+17 1.16858e+45
2.53174e+17 1.16858e+45
2.53206e+17 1.16858e+45
2.53237e+17 1.16858e+45
2.53269e+17 1.16858e+45
2.53301e+17 1.16858e+45
2.53332e+17 1.16858e+45
2.53364e+17 1.16858e+45
2.53395e+17 1.16858e+45
2.53427e+17 1.16858e+45
2.53458e+17 1.16858e+45
2.5349e+17 1.16858e+45
2.53521e+17 1.16858e+45
2.53553e+17 1.16858e+45
2.53585e+17 1.16858e+45
2.53616e+17 1.16858e+45
2.53648e+17 1.16858e+45
2.53679e+17 1.16858e+45
2.53711e+17 1.16858e+45
2.53742e+17 1.16858e+45
2.53774e+17 1.16858e+45
2.53806e+17 1.16858e+45
2.53837e+17 1.16858e+45
2.53869e+17 1.16858e+45
2.539e+17 1.16858e+45
2.53932e+17 1.16858e+45
2.53963e+17 1.16858e+45
2.53995e+17 1.16858e+45
2.54026e+17 1.16858e+45
2.54058e+17 1.16858e+45
2.5409e+17 1.16858e+45
2.54121e+17 1.16858e+45
2.54153e+17 1.16858e+45
2.54184e+17 1.16858e+45
2.54216e+17 1.16858e+45
2.54247e+17 1.16858e+45
2.54279e+17 1.16858e+45
2.5431e+17 1.16858e+45
2.54342e+17 1.16858e+45
2.54374e+17 1.16858e+45
2.54405e+17 1.16858e+45
2.54437e+17 1.16858e+45
2.54468e+17 1.16858e+45
2.545e+17 1.16858e+45
2.54531e+17 1.16858e+45
2.54563e+17 1.16858e+45
2.54595e+17 1.16858e+45
2.54626e+17 1.16858e+45
2.54658e+17 1.16858e+45
2.54689e+17 1.16858e+45
2.54721e+17 1.16858e+45
2.54752e+17 1.16858e+45
2.54784e+17 1.16858e+45
2.54815e+17 1.16858e+45
2.54847e+17 1.16858e+45
2.54879e+17 1.16858e+45
2.5491e+17 1.16858e+45
2.54942e+17 1.16858e+45
2.54973e+17 1.16858e+45
2.55005e+17 1.16858e+45
2.55036e+17 1.16858e+45
2.55068e+17 1.16858e+45
2.55099e+17 1.16858e+45
2.55131e+17 1.16858e+45
2.55163e+17 1.16858e+45
2.55194e+17 1.16858e+45
2.55226e+17 1.16858e+45
2.55257e+17 1.16858e+45
2.55289e+17 1.16858e+45
2.5532e+17 1.16858e+45
2.55352e+17 1.16858e+45
2.55384e+17 1.16858e+45
2.55415e+17 1.16858e+45
2.55447e+17 1.16858e+45
2.55478e+17 1.16858e+45
2.5551e+17 1.16858e+45
2.55541e+17 1.16858e+45
2.55573e+17 1.16858e+45
2.55604e+17 1.16858e+45
2.55636e+17 1.16858e+45
2.55668e+17 1.16858e+45
2.55699e+17 1.16858e+45
2.55731e+17 1.16858e+45
2.55762e+17 1.16858e+45
2.55794e+17 1.16858e+45
2.55825e+17 1.16858e+45
2.55857e+17 1.16858e+45
2.55888e+17 1.16858e+45
2.5592e+17 1.16858e+45
2.55952e+17 1.16858e+45
2.55983e+17 1.16858e+45
2.56015e+17 1.16858e+45
2.56046e+17 1.16858e+45
2.56078e+17 1.16858e+45
2.56109e+17 1.16858e+45
2.56141e+17 1.16858e+45
2.56173e+17 1.16858e+45
2.56204e+17 1.16858e+45
2.56236e+17 1.16858e+45
2.56267e+17 1.16858e+45
2.56299e+17 1.16858e+45
2.5633e+17 1.16858e+45
2.56362e+17 1.16858e+45
2.56393e+17 1.16858e+45
2.56425e+17 1.16858e+45
2.56457e+17 1.16858e+45
2.56488e+17 1.16858e+45
2.5652e+17 1.16858e+45
2.56551e+17 1.16858e+45
2.56583e+17 1.16858e+45
2.56614e+17 1.16858e+45
2.56646e+17 1.16858e+45
2.56677e+17 1.16858e+45
2.56709e+17 1.16858e+45
2.56741e+17 1.16858e+45
2.56772e+17 1.16858e+45
2.56804e+17 1.16858e+45
2.56835e+17 1.16858e+45
2.56867e+17 1.16858e+45
2.56898e+17 1.16858e+45
2.5693e+17 1.16858e+45
2.56962e+17 1.16858e+45
2.56993e+17 1.16858e+45
2.57025e+17 1.16858e+45
2.57056e+17 1.16858e+45
2.57088e+17 1.16858e+45
2.57119e+17 1.16858e+45
2.57151e+17 1.16858e+45
2.57182e+17 1.16858e+45
2.57214e+17 1.16858e+45
2.57246e+17 1.16858e+45
2.57277e+17 1.16858e+45
2.57309e+17 1.16858e+45
2.5734e+17 1.16858e+45
2.57372e+17 1.16858e+45
2.57403e+17 1.16858e+45
2.57435e+17 1.16858e+45
2.57466e+17 1.16858e+45
2.57498e+17 1.16858e+45
2.5753e+17 1.16858e+45
2.57561e+17 1.16858e+45
2.57593e+17 1.16858e+45
2.57624e+17 1.16858e+45
2.57656e+17 1.16858e+45
2.57687e+17 1.16858e+45
2.57719e+17 1.16858e+45
2.57751e+17 1.16858e+45
2.57782e+17 1.16858e+45
2.57814e+17 1.16858e+45
2.57845e+17 1.16858e+45
2.57877e+17 1.16858e+45
2.57908e+17 1.16858e+45
2.5794e+17 1.16858e+45
2.57971e+17 1.16858e+45
2.58003e+17 1.16858e+45
2.58035e+17 1.16858e+45
2.58066e+17 1.16858e+45
2.58098e+17 1.16858e+45
2.58129e+17 1.16858e+45
2.58161e+17 1.16858e+45
2.58192e+17 1.16858e+45
2.58224e+17 1.16858e+45
2.58255e+17 1.16858e+45
2.58287e+17 1.16858e+45
2.58319e+17 1.16858e+45
2.5835e+17 1.16858e+45
2.58382e+17 1.16858e+45
2.58413e+17 1.16858e+45
2.58445e+17 1.16858e+45
2.58476e+17 1.16858e+45
2.58508e+17 1.16858e+45
2.5854e+17 1.16858e+45
2.58571e+17 1.16858e+45
2.58603e+17 1.16858e+45
2.58634e+17 1.16858e+45
2.58666e+17 1.16858e+45
2.58697e+17 1.16858e+45
2.58729e+17 1.16858e+45
2.5876e+17 1.16858e+45
2.58792e+17 1.16858e+45
2.58824e+17 1.16858e+45
2.58855e+17 1.16858e+45
2.58887e+17 1.16858e+45
2.58918e+17 1.16858e+45
2.5895e+17 1.16858e+45
2.58981e+17 1.16858e+45
2.59013e+17 1.16858e+45
2.59044e+17 1.16858e+45
2.59076e+17 1.16858e+45
2.59108e+17 1.16858e+45
2.59139e+17 1.16858e+45
2.59171e+17 1.16858e+45
2.59202e+17 1.16858e+45
2.59234e+17 1.16858e+45
2.59265e+17 1.16858e+45
2.59297e+17 1.16858e+45
2.59329e+17 1.16858e+45
2.5936e+17 1.16858e+45
2.59392e+17 1.16858e+45
2.59423e+17 1.16858e+45
2.59455e+17 1.16858e+45
2.59486e+17 1.16858e+45
2.59518e+17 1.16858e+45
2.59549e+17 1.16858e+45
2.59581e+17 1.16858e+45
2.59613e+17 1.16858e+45
2.59644e+17 1.16858e+45
2.59676e+17 1.16858e+45
2.59707e+17 1.16858e+45
2.59739e+17 1.16858e+45
2.5977e+17 1.16858e+45
2.59802e+17 1.16858e+45
2.59833e+17 1.16858e+45
2.59865e+17 1.16858e+45
2.59897e+17 1.16858e+45
2.59928e+17 1.16858e+45
2.5996e+17 1.16858e+45
2.59991e+17 1.16858e+45
2.60023e+17 1.16858e+45
2.60054e+17 1.16858e+45
2.60086e+17 1.16858e+45
2.60118e+17 1.16858e+45
2.60149e+17 1.16858e+45
2.60181e+17 1.16858e+45
2.60212e+17 1.16858e+45
2.60244e+17 1.16858e+45
2.60275e+17 1.16858e+45
2.60307e+17 1.16858e+45
2.60338e+17 1.16858e+45
2.6037e+17 1.16858e+45
2.60402e+17 1.16858e+45
2.60433e+17 1.16858e+45
2.60465e+17 1.16858e+45
2.60496e+17 1.16858e+45
2.60528e+17 1.16858e+45
2.60559e+17 1.16858e+45
2.60591e+17 1.16858e+45
2.60622e+17 1.16858e+45
2.60654e+17 1.16858e+45
2.60686e+17 1.16858e+45
2.60717e+17 1.16858e+45
2.60749e+17 1.16858e+45
2.6078e+17 1.16858e+45
2.60812e+17 1.16858e+45
2.60843e+17 1.16858e+45
2.60875e+17 1.16858e+45
2.60907e+17 1.16858e+45
2.60938e+17 1.16858e+45
2.6097e+17 1.16858e+45
2.61001e+17 1.16858e+45
2.61033e+17 1.16858e+45
2.61064e+17 1.16858e+45
2.61096e+17 1.16858e+45
2.61127e+17 1.16858e+45
2.61159e+17 1.16858e+45
2.61191e+17 1.16858e+45
2.61222e+17 1.16858e+45
2.61254e+17 1.16858e+45
2.61285e+17 1.16858e+45
2.61317e+17 1.16858e+45
2.61348e+17 1.16858e+45
2.6138e+17 1.16858e+45
2.61411e+17 1.16858e+45
2.61443e+17 1.16858e+45
2.61475e+17 1.16858e+45
2.61506e+17 1.16858e+45
2.61538e+17 1.16858e+45
2.61569e+17 1.16858e+45
2.61601e+17 1.16858e+45
2.61632e+17 1.16858e+45
2.61664e+17 1.16858e+45
2.61696e+17 1.16858e+45
2.61727e+17 1.16858e+45
2.61759e+17 1.16858e+45
2.6179e+17 1.16858e+45
2.61822e+17 1.16858e+45
2.61853e+17 1.16858e+45
2.61885e+17 1.16858e+45
2.61916e+17 1.16858e+45
2.61948e+17 1.16858e+45
2.6198e+17 1.16858e+45
2.62011e+17 1.16858e+45
2.62043e+17 1.16858e+45
2.62074e+17 1.16858e+45
2.62106e+17 1.16858e+45
2.62137e+17 1.16858e+45
2.62169e+17 1.16858e+45
2.622e+17 1.16858e+45
2.62232e+17 1.16858e+45
2.62264e+17 1.16858e+45
2.62295e+17 1.16858e+45
2.62327e+17 1.16858e+45
2.62358e+17 1.16858e+45
2.6239e+17 1.16858e+45
2.62421e+17 1.16858e+45
2.62453e+17 1.16858e+45
2.62485e+17 1.16858e+45
2.62516e+17 1.16858e+45
2.62548e+17 1.16858e+45
2.62579e+17 1.16858e+45
2.62611e+17 1.16858e+45
2.62642e+17 1.16858e+45
2.62674e+17 1.16858e+45
2.62705e+17 1.16858e+45
2.62737e+17 1.16858e+45
2.62769e+17 1.16858e+45
2.628e+17 1.16858e+45
2.62832e+17 1.16858e+45
2.62863e+17 1.16858e+45
2.62895e+17 1.16858e+45
2.62926e+17 1.16858e+45
2.62958e+17 1.16858e+45
2.62989e+17 1.16858e+45
2.63021e+17 1.16858e+45
2.63053e+17 1.16858e+45
2.63084e+17 1.16858e+45
2.63116e+17 1.16858e+45
2.63147e+17 1.16858e+45
2.63179e+17 1.16858e+45
2.6321e+17 1.16858e+45
2.63242e+17 1.16858e+45
2.63274e+17 1.16858e+45
2.63305e+17 1.16858e+45
2.63337e+17 1.16858e+45
2.63368e+17 1.16858e+45
2.634e+17 1.16858e+45
2.63431e+17 1.16858e+45
2.63463e+17 1.16858e+45
2.63494e+17 1.16858e+45
2.63526e+17 1.16858e+45
2.63558e+17 1.16858e+45
2.63589e+17 1.16858e+45
2.63621e+17 1.16858e+45
2.63652e+17 1.16858e+45
2.63684e+17 1.16858e+45
2.63715e+17 1.16858e+45
2.63747e+17 1.16858e+45
2.63778e+17 1.16858e+45
2.6381e+17 1.16858e+45
2.63842e+17 1.16858e+45
2.63873e+17 1.16858e+45
2.63905e+17 1.16858e+45
2.63936e+17 1.16858e+45
2.63968e+17 1.16858e+45
2.63999e+17 1.16858e+45
2.64031e+17 1.16858e+45
2.64063e+17 1.16858e+45
2.64094e+17 1.16858e+45
2.64126e+17 1.16858e+45
2.64157e+17 1.16858e+45
2.64189e+17 1.16858e+45
2.6422e+17 1.16858e+45
2.64252e+17 1.16858e+45
2.64283e+17 1.16858e+45
2.64315e+17 1.16858e+45
2.64347e+17 1.16858e+45
2.64378e+17 1.16858e+45
2.6441e+17 1.16858e+45
2.64441e+17 1.16858e+45
2.64473e+17 1.16858e+45
2.64504e+17 1.16858e+45
2.64536e+17 1.16858e+45
2.64567e+17 1.16858e+45
2.64599e+17 1.16858e+45
2.64631e+17 1.16858e+45
2.64662e+17 1.16858e+45
2.64694e+17 1.16858e+45
2.64725e+17 1.16858e+45
2.64757e+17 1.16858e+45
2.64788e+17 1.16858e+45
2.6482e+17 1.16858e+45
2.64852e+17 1.16858e+45
2.64883e+17 1.16858e+45
2.64915e+17 1.16858e+45
2.64946e+17 1.16858e+45
2.64978e+17 1.16858e+45
2.65009e+17 1.16858e+45
2.65041e+17 1.16858e+45
2.65072e+17 1.16858e+45
2.65104e+17 1.16858e+45
2.65136e+17 1.16858e+45
2.65167e+17 1.16858e+45
2.65199e+17 1.16858e+45
2.6523e+17 1.16858e+45
2.65262e+17 1.16858e+45
2.65293e+17 1.16858e+45
2.65325e+17 1.16858e+45
2.65356e+17 1.16858e+45
2.65388e+17 1.16858e+45
2.6542e+17 1.16858e+45
2.65451e+17 1.16858e+45
2.65483e+17 1.16858e+45
2.65514e+17 1.16858e+45
2.65546e+17 1.16858e+45
2.65577e+17 1.16858e+45
2.65609e+17 1.16858e+45
2.65641e+17 1.16858e+45
2.65672e+17 1.16858e+45
2.65704e+17 1.16858e+45
2.65735e+17 1.16858e+45
2.65767e+17 1.16858e+45
2.65798e+17 1.16858e+45
2.6583e+17 1.16858e+45
2.65861e+17 1.16858e+45
2.65893e+17 1.16858e+45
2.65925e+17 1.16858e+45
2.65956e+17 1.16858e+45
2.65988e+17 1.16858e+45
2.66019e+17 1.16858e+45
2.66051e+17 1.16858e+45
2.66082e+17 1.16858e+45
2.66114e+17 1.16858e+45
2.66145e+17 1.16858e+45
2.66177e+17 1.16858e+45
2.66209e+17 1.16858e+45
2.6624e+17 1.16858e+45
2.66272e+17 1.16858e+45
2.66303e+17 1.16858e+45
2.66335e+17 1.16858e+45
2.66366e+17 1.16858e+45
2.66398e+17 1.16858e+45
2.6643e+17 1.16858e+45
2.66461e+17 1.16858e+45
2.66493e+17 1.16858e+45
2.66524e+17 1.16858e+45
2.66556e+17 1.16858e+45
2.66587e+17 1.16858e+45
2.66619e+17 1.16858e+45
2.6665e+17 1.16858e+45
2.66682e+17 1.16858e+45
2.66714e+17 1.16858e+45
2.66745e+17 1.16858e+45
2.66777e+17 1.16858e+45
2.66808e+17 1.16858e+45
2.6684e+17 1.16858e+45
2.66871e+17 1.16858e+45
2.66903e+17 1.16858e+45
2.66934e+17 1.16858e+45
2.66966e+17 1.16858e+45
2.66998e+17 1.16858e+45
2.67029e+17 1.16858e+45
2.67061e+17 1.16858e+45
2.67092e+17 1.16858e+45
2.67124e+17 1.16858e+45
2.67155e+17 1.16858e+45
2.67187e+17 1.16858e+45
2.67219e+17 1.16858e+45
2.6725e+17 1.16858e+45
2.67282e+17 1.16858e+45
2.67313e+17 1.16858e+45
2.67345e+17 1.16858e+45
2.67376e+17 1.16858e+45
2.67408e+17 1.16858e+45
2.67439e+17 1.16858e+45
2.67471e+17 1.16858e+45
2.67503e+17 1.16858e+45
2.67534e+17 1.16858e+45
2.67566e+17 1.16858e+45
2.67597e+17 1.16858e+45
2.67629e+17 1.16858e+45
2.6766e+17 1.16858e+45
2.67692e+17 1.16858e+45
2.67723e+17 1.16858e+45
2.67755e+17 1.16858e+45
2.67787e+17 1.16858e+45
2.67818e+17 1.16858e+45
2.6785e+17 1.16858e+45
2.67881e+17 1.16858e+45
2.67913e+17 1.16858e+45
2.67944e+17 1.16858e+45
2.67976e+17 1.16858e+45
2.68008e+17 1.16858e+45
2.68039e+17 1.16858e+45
2.68071e+17 1.16858e+45
2.68102e+17 1.16858e+45
2.68134e+17 1.16858e+45
2.68165e+17 1.16858e+45
2.68197e+17 1.16858e+45
2.68228e+17 1.16858e+45
2.6826e+17 1.16858e+45
2.68292e+17 1.16858e+45
2.68323e+17 1.16858e+45
2.68355e+17 1.16858e+45
2.68386e+17 1.16858e+45
2.68418e+17 1.16858e+45
2.68449e+17 1.16858e+45
2.68481e+17 1.16858e+45
2.68512e+17 1.16858e+45
2.68544e+17 1.16858e+45
2.68576e+17 1.16858e+45
2.68607e+17 1.16858e+45
2.68639e+17 1.16858e+45
2.6867e+17 1.16858e+45
2.68702e+17 1.16858e+45
2.68733e+17 1.16858e+45
2.68765e+17 1.16858e+45
2.68797e+17 1.16858e+45
2.68828e+17 1.16858e+45
2.6886e+17 1.16858e+45
2.68891e+17 1.16858e+45
2.68923e+17 1.16858e+45
2.68954e+17 1.16858e+45
2.68986e+17 1.16858e+45
2.69017e+17 1.16858e+45
2.69049e+17 1.16858e+45
2.69081e+17 1.16858e+45
2.69112e+17 1.16858e+45
2.69144e+17 1.16858e+45
2.69175e+17 1.16858e+45
2.69207e+17 1.16858e+45
2.69238e+17 1.16858e+45
2.6927e+17 1.16858e+45
2.69301e+17 1.16858e+45
2.69333e+17 1.16858e+45
2.69365e+17 1.16858e+45
2.69396e+17 1.16858e+45
2.69428e+17 1.16858e+45
2.69459e+17 1.16858e+45
2.69491e+17 1.16858e+45
2.69522e+17 1.16858e+45
2.69554e+17 1.16858e+45
2.69586e+17 1.16858e+45
2.69617e+17 1.16858e+45
2.69649e+17 1.16858e+45
2.6968e+17 1.16858e+45
2.69712e+17 1.16858e+45
2.69743e+17 1.16858e+45
2.69775e+17 1.16858e+45
2.69806e+17 1.16858e+45
2.69838e+17 1.16858e+45
2.6987e+17 1.16858e+45
2.69901e+17 1.16858e+45
2.69933e+17 1.16858e+45
2.69964e+17 1.16858e+45
2.69996e+17 1.16858e+45
2.70027e+17 1.16858e+45
2.70059e+17 1.16858e+45
2.7009e+17 1.16858e+45
2.70122e+17 1.16858e+45
2.70154e+17 1.16858e+45
2.70185e+17 1.16858e+45
2.70217e+17 1.16858e+45
2.70248e+17 1.16858e+45
2.7028e+17 1.16858e+45
2.70311e+17 1.16858e+45
2.70343e+17 1.16858e+45
2.70375e+17 1.16858e+45
2.70406e+17 1.16858e+45
2.70438e+17 1.16858e+45
2.70469e+17 1.16858e+45
2.70501e+17 1.16858e+45
2.70532e+17 1.16858e+45
2.70564e+17 1.16858e+45
2.70595e+17 1.16858e+45
2.70627e+17 1.16858e+45
2.70659e+17 1.16858e+45
2.7069e+17 1.16858e+45
2.70722e+17 1.16858e+45
2.70753e+17 1.16858e+45
2.70785e+17 1.16858e+45
2.70816e+17 1.16858e+45
2.70848e+17 1.16858e+45
2.70879e+17 1.16858e+45
2.70911e+17 1.16858e+45
2.70943e+17 1.16858e+45
2.70974e+17 1.16858e+45
2.71006e+17 1.16858e+45
2.71037e+17 1.16858e+45
2.71069e+17 1.16858e+45
2.711e+17 1.16858e+45
2.71132e+17 1.16858e+45
2.71164e+17 1.16858e+45
2.71195e+17 1.16858e+45
2.71227e+17 1.16858e+45
2.71258e+17 1.16858e+45
2.7129e+17 1.16858e+45
2.71321e+17 1.16858e+45
2.71353e+17 1.16858e+45
2.71384e+17 1.16858e+45
2.71416e+17 1.16858e+45
2.71448e+17 1.16858e+45
2.71479e+17 1.16858e+45
2.71511e+17 1.16858e+45
2.71542e+17 1.16858e+45
2.71574e+17 1.16858e+45
2.71605e+17 1.16858e+45
2.71637e+17 1.16858e+45
2.71668e+17 1.16858e+45
2.717e+17 1.16858e+45
2.71732e+17 1.16858e+45
2.71763e+17 1.16858e+45
2.71795e+17 1.16858e+45
2.71826e+17 1.16858e+45
2.71858e+17 1.16858e+45
2.71889e+17 1.16858e+45
2.71921e+17 1.16858e+45
2.71953e+17 1.16858e+45
2.71984e+17 1.16858e+45
2.72016e+17 1.16858e+45
2.72047e+17 1.16858e+45
2.72079e+17 1.16858e+45
2.7211e+17 1.16858e+45
2.72142e+17 1.16858e+45
2.72173e+17 1.16858e+45
2.72205e+17 1.16858e+45
2.72237e+17 1.16858e+45
2.72268e+17 1.16858e+45
2.723e+17 1.16858e+45
2.72331e+17 1.16858e+45
2.72363e+17 1.16858e+45
2.72394e+17 1.16858e+45
2.72426e+17 1.16858e+45
2.72457e+17 1.16858e+45
2.72489e+17 1.16858e+45
2.72521e+17 1.16858e+45
2.72552e+17 1.16858e+45
2.72584e+17 1.16858e+45
2.72615e+17 1.16858e+45
2.72647e+17 1.16858e+45
2.72678e+17 1.16858e+45
2.7271e+17 1.16858e+45
2.72742e+17 1.16858e+45
2.72773e+17 1.16858e+45
2.72805e+17 1.16858e+45
2.72836e+17 1.16858e+45
2.72868e+17 1.16858e+45
2.72899e+17 1.16858e+45
2.72931e+17 1.16858e+45
2.72962e+17 1.16858e+45
2.72994e+17 1.16858e+45
2.73026e+17 1.16858e+45
2.73057e+17 1.16858e+45
2.73089e+17 1.16858e+45
2.7312e+17 1.16858e+45
2.73152e+17 1.16858e+45
2.73183e+17 1.16858e+45
2.73215e+17 1.16858e+45
2.73246e+17 1.16858e+45
2.73278e+17 1.16858e+45
2.7331e+17 1.16858e+45
2.73341e+17 1.16858e+45
2.73373e+17 1.16858e+45
2.73404e+17 1.16858e+45
2.73436e+17 1.16858e+45
2.73467e+17 1.16858e+45
2.73499e+17 1.16858e+45
2.73531e+17 1.16858e+45
2.73562e+17 1.16858e+45
2.73594e+17 1.16858e+45
2.73625e+17 1.16858e+45
2.73657e+17 1.16858e+45
2.73688e+17 1.16858e+45
2.7372e+17 1.16858e+45
2.73751e+17 1.16858e+45
2.73783e+17 1.16858e+45
2.73815e+17 1.16858e+45
2.73846e+17 1.16858e+45
2.73878e+17 1.16858e+45
2.73909e+17 1.16858e+45
2.73941e+17 1.16858e+45
2.73972e+17 1.16858e+45
2.74004e+17 1.16858e+45
2.74035e+17 1.16858e+45
2.74067e+17 1.16858e+45
2.74099e+17 1.16858e+45
2.7413e+17 1.16858e+45
2.74162e+17 1.16858e+45
2.74193e+17 1.16858e+45
2.74225e+17 1.16858e+45
2.74256e+17 1.16858e+45
2.74288e+17 1.16858e+45
2.7432e+17 1.16858e+45
2.74351e+17 1.16858e+45
2.74383e+17 1.16858e+45
2.74414e+17 1.16858e+45
2.74446e+17 1.16858e+45
2.74477e+17 1.16858e+45
2.74509e+17 1.16858e+45
2.7454e+17 1.16858e+45
2.74572e+17 1.16858e+45
2.74604e+17 1.16858e+45
2.74635e+17 1.16858e+45
2.74667e+17 1.16858e+45
2.74698e+17 1.16858e+45
2.7473e+17 1.16858e+45
2.74761e+17 1.16858e+45
2.74793e+17 1.16858e+45
2.74824e+17 1.16858e+45
2.74856e+17 1.16858e+45
2.74888e+17 1.16858e+45
2.74919e+17 1.16858e+45
2.74951e+17 1.16858e+45
2.74982e+17 1.16858e+45
2.75014e+17 1.16858e+45
2.75045e+17 1.16858e+45
2.75077e+17 1.16858e+45
2.75109e+17 1.16858e+45
2.7514e+17 1.16858e+45
2.75172e+17 1.16858e+45
2.75203e+17 1.16858e+45
2.75235e+17 1.16858e+45
2.75266e+17 1.16858e+45
2.75298e+17 1.16858e+45
2.75329e+17 1.16858e+45
2.75361e+17 1.16858e+45
2.75393e+17 1.16858e+45
2.75424e+17 1.16858e+45
2.75456e+17 1.16858e+45
2.75487e+17 1.16858e+45
2.75519e+17 1.16858e+45
2.7555e+17 1.16858e+45
2.75582e+17 1.16858e+45
2.75613e+17 1.16858e+45
2.75645e+17 1.16858e+45
2.75677e+17 1.16858e+45
2.75708e+17 1.16858e+45
2.7574e+17 1.16858e+45
2.75771e+17 1.16858e+45
2.75803e+17 1.16858e+45
2.75834e+17 1.16858e+45
2.75866e+17 1.16858e+45
2.75898e+17 1.16858e+45
2.75929e+17 1.16858e+45
2.75961e+17 1.16858e+45
2.75992e+17 1.16858e+45
2.76024e+17 1.16858e+45
2.76055e+17 1.16858e+45
2.76087e+17 1.16858e+45
2.76118e+17 1.16858e+45
2.7615e+17 1.16858e+45
2.76182e+17 1.16858e+45
2.76213e+17 1.16858e+45
2.76245e+17 1.16858e+45
2.76276e+17 1.16858e+45
2.76308e+17 1.16858e+45
2.76339e+17 1.16858e+45
2.76371e+17 1.16858e+45
2.76402e+17 1.16858e+45
2.76434e+17 1.16858e+45
2.76466e+17 1.16858e+45
2.76497e+17 1.16858e+45
2.76529e+17 1.16858e+45
2.7656e+17 1.16858e+45
2.76592e+17 1.16858e+45
2.76623e+17 1.16858e+45
2.76655e+17 1.16858e+45
2.76687e+17 1.16858e+45
2.76718e+17 1.16858e+45
2.7675e+17 1.16858e+45
2.76781e+17 1.16858e+45
2.76813e+17 1.16858e+45
2.76844e+17 1.16858e+45
2.76876e+17 1.16858e+45
2.76907e+17 1.16858e+45
2.76939e+17 1.16858e+45
2.76971e+17 1.16858e+45
2.77002e+17 1.16858e+45
2.77034e+17 1.16858e+45
2.77065e+17 1.16858e+45
2.77097e+17 1.16858e+45
2.77128e+17 1.16858e+45
2.7716e+17 1.16858e+45
2.77191e+17 1.16858e+45
2.77223e+17 1.16858e+45
2.77255e+17 1.16858e+45
2.77286e+17 1.16858e+45
2.77318e+17 1.16858e+45
2.77349e+17 1.16858e+45
2.77381e+17 1.16858e+45
2.77412e+17 1.16858e+45
2.77444e+17 1.16858e+45
2.77476e+17 1.16858e+45
2.77507e+17 1.16858e+45
2.77539e+17 1.16858e+45
2.7757e+17 1.16858e+45
2.77602e+17 1.16858e+45
2.77633e+17 1.16858e+45
2.77665e+17 1.16858e+45
2.77696e+17 1.16858e+45
2.77728e+17 1.16858e+45
2.7776e+17 1.16858e+45
2.77791e+17 1.16858e+45
2.77823e+17 1.16858e+45
2.77854e+17 1.16858e+45
2.77886e+17 1.16858e+45
2.77917e+17 1.16858e+45
2.77949e+17 1.16858e+45
2.7798e+17 1.16858e+45
2.78012e+17 1.16858e+45
2.78044e+17 1.16858e+45
2.78075e+17 1.16858e+45
2.78107e+17 1.16858e+45
2.78138e+17 1.16858e+45
2.7817e+17 1.16858e+45
2.78201e+17 1.16858e+45
2.78233e+17 1.16858e+45
2.78265e+17 1.16858e+45
2.78296e+17 1.16858e+45
2.78328e+17 1.16858e+45
2.78359e+17 1.16858e+45
2.78391e+17 1.16858e+45
2.78422e+17 1.16858e+45
2.78454e+17 1.16858e+45
2.78485e+17 1.16858e+45
2.78517e+17 1.16858e+45
2.78549e+17 1.16858e+45
2.7858e+17 1.16858e+45
2.78612e+17 1.16858e+45
2.78643e+17 1.16858e+45
2.78675e+17 1.16858e+45
2.78706e+17 1.16858e+45
2.78738e+17 1.16858e+45
2.78769e+17 1.16858e+45
2.78801e+17 1.16858e+45
2.78833e+17 1.16858e+45
2.78864e+17 1.16858e+45
2.78896e+17 1.16858e+45
2.78927e+17 1.16858e+45
2.78959e+17 1.16858e+45
2.7899e+17 1.16858e+45
2.79022e+17 1.16858e+45
2.79054e+17 1.16858e+45
2.79085e+17 1.16858e+45
2.79117e+17 1.16858e+45
2.79148e+17 1.16858e+45
2.7918e+17 1.16858e+45
2.79211e+17 1.16858e+45
2.79243e+17 1.16858e+45
2.79274e+17 1.16858e+45
2.79306e+17 1.16858e+45
2.79338e+17 1.16858e+45
2.79369e+17 1.16858e+45
2.79401e+17 1.16858e+45
2.79432e+17 1.16858e+45
2.79464e+17 1.16858e+45
2.79495e+17 1.16858e+45
2.79527e+17 1.16858e+45
2.79558e+17 1.16858e+45
2.7959e+17 1.16858e+45
2.79622e+17 1.16858e+45
2.79653e+17 1.16858e+45
2.79685e+17 1.16858e+45
2.79716e+17 1.16858e+45
2.79748e+17 1.16858e+45
2.79779e+17 1.16858e+45
2.79811e+17 1.16858e+45
2.79843e+17 1.16858e+45
2.79874e+17 1.16858e+45
2.79906e+17 1.16858e+45
2.79937e+17 1.16858e+45
2.79969e+17 1.16858e+45
2.8e+17 1.16858e+45
2.80032e+17 1.16858e+45
2.80063e+17 1.16858e+45
2.80095e+17 1.16858e+45
2.80127e+17 1.16858e+45
2.80158e+17 1.16858e+45
2.8019e+17 1.16858e+45
2.80221e+17 1.16858e+45
2.80253e+17 1.16858e+45
2.80284e+17 1.16858e+45
2.80316e+17 1.16858e+45
2.80347e+17 1.16858e+45
2.80379e+17 1.16858e+45
2.80411e+17 1.16858e+45
2.80442e+17 1.16858e+45
2.80474e+17 1.16858e+45
2.80505e+17 1.16858e+45
2.80537e+17 1.16858e+45
2.80568e+17 1.16858e+45
2.806e+17 1.16858e+45
2.80632e+17 1.16858e+45
2.80663e+17 1.16858e+45
2.80695e+17 1.16858e+45
2.80726e+17 1.16858e+45
2.80758e+17 1.16858e+45
2.80789e+17 1.16858e+45
2.80821e+17 1.16858e+45
2.80852e+17 1.16858e+45
2.80884e+17 1.16858e+45
2.80916e+17 1.16858e+45
2.80947e+17 1.16858e+45
2.80979e+17 1.16858e+45
2.8101e+17 1.16858e+45
2.81042e+17 1.16858e+45
2.81073e+17 1.16858e+45
2.81105e+17 1.16858e+45
2.81136e+17 1.16858e+45
2.81168e+17 1.16858e+45
2.812e+17 1.16858e+45
2.81231e+17 1.16858e+45
2.81263e+17 1.16858e+45
2.81294e+17 1.16858e+45
2.81326e+17 1.16858e+45
2.81357e+17 1.16858e+45
2.81389e+17 1.16858e+45
2.81421e+17 1.16858e+45
2.81452e+17 1.16858e+45
2.81484e+17 1.16858e+45
2.81515e+17 1.16858e+45
2.81547e+17 1.16858e+45
2.81578e+17 1.16858e+45
2.8161e+17 1.16858e+45
2.81641e+17 1.16858e+45
2.81673e+17 1.16858e+45
2.81705e+17 1.16858e+45
2.81736e+17 1.16858e+45
2.81768e+17 1.16858e+45
2.81799e+17 1.16858e+45
2.81831e+17 1.16858e+45
2.81862e+17 1.16858e+45
2.81894e+17 1.16858e+45
2.81925e+17 1.16858e+45
2.81957e+17 1.16858e+45
2.81989e+17 1.16858e+45
2.8202e+17 1.16858e+45
2.82052e+17 1.16858e+45
2.82083e+17 1.16858e+45
2.82115e+17 1.16858e+45
2.82146e+17 1.16858e+45
2.82178e+17 1.16858e+45
2.8221e+17 1.16858e+45
2.82241e+17 1.16858e+45
2.82273e+17 1.16858e+45
2.82304e+17 1.16858e+45
2.82336e+17 1.16858e+45
2.82367e+17 1.16858e+45
2.82399e+17 1.16858e+45
2.8243e+17 1.16858e+45
2.82462e+17 1.16858e+45
2.82494e+17 1.16858e+45
2.82525e+17 1.16858e+45
2.82557e+17 1.16858e+45
2.82588e+17 1.16858e+45
2.8262e+17 1.16858e+45
2.82651e+17 1.16858e+45
2.82683e+17 1.16858e+45
2.82714e+17 1.16858e+45
2.82746e+17 1.16858e+45
2.82778e+17 1.16858e+45
2.82809e+17 1.16858e+45
2.82841e+17 1.16858e+45
2.82872e+17 1.16858e+45
2.82904e+17 1.16858e+45
2.82935e+17 1.16858e+45
2.82967e+17 1.16858e+45
2.82999e+17 1.16858e+45
2.8303e+17 1.16858e+45
2.83062e+17 1.16858e+45
2.83093e+17 1.16858e+45
2.83125e+17 1.16858e+45
2.83156e+17 1.16858e+45
2.83188e+17 1.16858e+45
2.83219e+17 1.16858e+45
2.83251e+17 1.16858e+45
2.83283e+17 1.16858e+45
2.83314e+17 1.16858e+45
2.83346e+17 1.16858e+45
2.83377e+17 1.16858e+45
2.83409e+17 1.16858e+45
2.8344e+17 1.16858e+45
2.83472e+17 1.16858e+45
2.83503e+17 1.16858e+45
2.83535e+17 1.16858e+45
2.83567e+17 1.16858e+45
2.83598e+17 1.16858e+45
2.8363e+17 1.16858e+45
2.83661e+17 1.16858e+45
2.83693e+17 1.16858e+45
2.83724e+17 1.16858e+45
2.83756e+17 1.16858e+45
2.83788e+17 1.16858e+45
2.83819e+17 1.16858e+45
2.83851e+17 1.16858e+45
2.83882e+17 1.16858e+45
2.83914e+17 1.16858e+45
2.83945e+17 1.16858e+45
2.83977e+17 1.16858e+45
2.84008e+17 1.16858e+45
2.8404e+17 1.16858e+45
2.84072e+17 1.16858e+45
2.84103e+17 1.16858e+45
2.84135e+17 1.16858e+45
2.84166e+17 1.16858e+45
2.84198e+17 1.16858e+45
2.84229e+17 1.16858e+45
2.84261e+17 1.16858e+45
2.84292e+17 1.16858e+45
2.84324e+17 1.16858e+45
2.84356e+17 1.16858e+45
2.84387e+17 1.16858e+45
2.84419e+17 1.16858e+45
2.8445e+17 1.16858e+45
2.84482e+17 1.16858e+45
2.84513e+17 1.16858e+45
2.84545e+17 1.16858e+45
2.84577e+17 1.16858e+45
2.84608e+17 1.16858e+45
2.8464e+17 1.16858e+45
2.84671e+17 1.16858e+45
2.84703e+17 1.16858e+45
2.84734e+17 1.16858e+45
2.84766e+17 1.16858e+45
2.84797e+17 1.16858e+45
2.84829e+17 1.16858e+45
2.84861e+17 1.16858e+45
2.84892e+17 1.16858e+45
2.84924e+17 1.16858e+45
2.84955e+17 1.16858e+45
2.84987e+17 1.16858e+45
2.85018e+17 1.16858e+45
2.8505e+17 1.16858e+45
2.85081e+17 1.16858e+45
2.85113e+17 1.16858e+45
2.85145e+17 1.16858e+45
2.85176e+17 1.16858e+45
2.85208e+17 1.16858e+45
2.85239e+17 1.16858e+45
2.85271e+17 1.16858e+45
2.85302e+17 1.16858e+45
2.85334e+17 1.16858e+45
2.85366e+17 1.16858e+45
2.85397e+17 1.16858e+45
2.85429e+17 1.16858e+45
2.8546e+17 1.16858e+45
2.85492e+17 1.16858e+45
2.85523e+17 1.16858e+45
2.85555e+17 1.16858e+45
2.85586e+17 1.16858e+45
2.85618e+17 1.16858e+45
2.8565e+17 1.16858e+45
2.85681e+17 1.16858e+45
2.85713e+17 1.16858e+45
2.85744e+17 1.16858e+45
2.85776e+17 1.16858e+45
2.85807e+17 1.16858e+45
2.85839e+17 1.16858e+45
2.8587e+17 1.16858e+45
2.85902e+17 1.16858e+45
2.85934e+17 1.16858e+45
2.85965e+17 1.16858e+45
2.85997e+17 1.16858e+45
2.86028e+17 1.16858e+45
2.8606e+17 1.16858e+45
2.86091e+17 1.16858e+45
2.86123e+17 1.16858e+45
2.86155e+17 1.16858e+45
2.86186e+17 1.16858e+45
2.86218e+17 1.16858e+45
2.86249e+17 1.16858e+45
2.86281e+17 1.16858e+45
2.86312e+17 1.16858e+45
2.86344e+17 1.16858e+45
2.86375e+17 1.16858e+45
2.86407e+17 1.16858e+45
2.86439e+17 1.16858e+45
2.8647e+17 1.16858e+45
2.86502e+17 1.16858e+45
2.86533e+17 1.16858e+45
2.86565e+17 1.16858e+45
2.86596e+17 1.16858e+45
2.86628e+17 1.16858e+45
2.86659e+17 1.16858e+45
2.86691e+17 1.16858e+45
2.86723e+17 1.16858e+45
2.86754e+17 1.16858e+45
2.86786e+17 1.16858e+45
2.86817e+17 1.16858e+45
2.86849e+17 1.16858e+45
2.8688e+17 1.16858e+45
2.86912e+17 1.16858e+45
2.86944e+17 1.16858e+45
2.86975e+17 1.16858e+45
2.87007e+17 1.16858e+45
2.87038e+17 1.16858e+45
2.8707e+17 1.16858e+45
2.87101e+17 1.16858e+45
2.87133e+17 1.16858e+45
2.87164e+17 1.16858e+45
2.87196e+17 1.16858e+45
2.87228e+17 1.16858e+45
2.87259e+17 1.16858e+45
2.87291e+17 1.16858e+45
2.87322e+17 1.16858e+45
2.87354e+17 1.16858e+45
2.87385e+17 1.16858e+45
2.87417e+17 1.16858e+45
2.87448e+17 1.16858e+45
2.8748e+17 1.16858e+45
2.87512e+17 1.16858e+45
2.87543e+17 1.16858e+45
2.87575e+17 1.16858e+45
2.87606e+17 1.16858e+45
2.87638e+17 1.16858e+45
2.87669e+17 1.16858e+45
2.87701e+17 1.16858e+45
2.87733e+17 1.16858e+45
2.87764e+17 1.16858e+45
2.87796e+17 1.16858e+45
2.87827e+17 1.16858e+45
2.87859e+17 1.16858e+45
2.8789e+17 1.16858e+45
2.87922e+17 1.16858e+45
2.87953e+17 1.16858e+45
2.87985e+17 1.16858e+45
2.88017e+17 1.16858e+45
2.88048e+17 1.16858e+45
2.8808e+17 1.16858e+45
2.88111e+17 1.16858e+45
2.88143e+17 1.16858e+45
2.88174e+17 1.16858e+45
2.88206e+17 1.16858e+45
2.88237e+17 1.16858e+45
2.88269e+17 1.16858e+45
2.88301e+17 1.16858e+45
2.88332e+17 1.16858e+45
2.88364e+17 1.16858e+45
2.88395e+17 1.16858e+45
2.88427e+17 1.16858e+45
2.88458e+17 1.16858e+45
2.8849e+17 1.16858e+45
2.88522e+17 1.16858e+45
2.88553e+17 1.16858e+45
2.88585e+17 1.16858e+45
2.88616e+17 1.16858e+45
2.88648e+17 1.16858e+45
2.88679e+17 1.16858e+45
2.88711e+17 1.16858e+45
2.88742e+17 1.16858e+45
2.88774e+17 1.16858e+45
2.88806e+17 1.16858e+45
2.88837e+17 1.16858e+45
2.88869e+17 1.16858e+45
2.889e+17 1.16858e+45
2.88932e+17 1.16858e+45
2.88963e+17 1.16858e+45
2.88995e+17 1.16858e+45
2.89026e+17 1.16858e+45
2.89058e+17 1.16858e+45
2.8909e+17 1.16858e+45
2.89121e+17 1.16858e+45
2.89153e+17 1.16858e+45
2.89184e+17 1.16858e+45
2.89216e+17 1.16858e+45
2.89247e+17 1.16858e+45
2.89279e+17 1.16858e+45
2.89311e+17 1.16858e+45
2.89342e+17 1.16858e+45
2.89374e+17 1.16858e+45
2.89405e+17 1.16858e+45
2.89437e+17 1.16858e+45
2.89468e+17 1.16858e+45
2.895e+17 1.16858e+45
2.89531e+17 1.16858e+45
2.89563e+17 1.16858e+45
2.89595e+17 1.16858e+45
2.89626e+17 1.16858e+45
2.89658e+17 1.16858e+45
2.89689e+17 1.16858e+45
2.89721e+17 1.16858e+45
2.89752e+17 1.16858e+45
2.89784e+17 1.16858e+45
2.89815e+17 1.16858e+45
2.89847e+17 1.16858e+45
2.89879e+17 1.16858e+45
2.8991e+17 1.16858e+45
2.89942e+17 1.16858e+45
2.89973e+17 1.16858e+45
2.90005e+17 1.16858e+45
2.90036e+17 1.16858e+45
2.90068e+17 1.16858e+45
2.901e+17 1.16858e+45
2.90131e+17 1.16858e+45
2.90163e+17 1.16858e+45
2.90194e+17 1.16858e+45
2.90226e+17 1.16858e+45
2.90257e+17 1.16858e+45
2.90289e+17 1.16858e+45
2.9032e+17 1.16858e+45
2.90352e+17 1.16858e+45
2.90384e+17 1.16858e+45
2.90415e+17 1.16858e+45
2.90447e+17 1.16858e+45
2.90478e+17 1.16858e+45
2.9051e+17 1.16858e+45
2.90541e+17 1.16858e+45
2.90573e+17 1.16858e+45
2.90604e+17 1.16858e+45
2.90636e+17 1.16858e+45
2.90668e+17 1.16858e+45
2.90699e+17 1.16858e+45
2.90731e+17 1.16858e+45
2.90762e+17 1.16858e+45
2.90794e+17 1.16858e+45
2.90825e+17 1.16858e+45
2.90857e+17 1.16858e+45
2.90889e+17 1.16858e+45
2.9092e+17 1.16858e+45
2.90952e+17 1.16858e+45
2.90983e+17 1.16858e+45
2.91015e+17 1.16858e+45
2.91046e+17 1.16858e+45
2.91078e+17 1.16858e+45
2.91109e+17 1.16858e+45
2.91141e+17 1.16858e+45
2.91173e+17 1.16858e+45
2.91204e+17 1.16858e+45
2.91236e+17 1.16858e+45
2.91267e+17 1.16858e+45
2.91299e+17 1.16858e+45
2.9133e+17 1.16858e+45
2.91362e+17 1.16858e+45
2.91393e+17 1.16858e+45
2.91425e+17 1.16858e+45
2.91457e+17 1.16858e+45
2.91488e+17 1.16858e+45
2.9152e+17 1.16858e+45
2.91551e+17 1.16858e+45
2.91583e+17 1.16858e+45
2.91614e+17 1.16858e+45
2.91646e+17 1.16858e+45
2.91678e+17 1.16858e+45
2.91709e+17 1.16858e+45
2.91741e+17 1.16858e+45
2.91772e+17 1.16858e+45
2.91804e+17 1.16858e+45
2.91835e+17 1.16858e+45
2.91867e+17 1.16858e+45
2.91898e+17 1.16858e+45
2.9193e+17 1.16858e+45
2.91962e+17 1.16858e+45
2.91993e+17 1.16858e+45
2.92025e+17 1.16858e+45
2.92056e+17 1.16858e+45
2.92088e+17 1.16858e+45
2.92119e+17 1.16858e+45
2.92151e+17 1.16858e+45
2.92182e+17 1.16858e+45
2.92214e+17 1.16858e+45
2.92246e+17 1.16858e+45
2.92277e+17 1.16858e+45
2.92309e+17 1.16858e+45
2.9234e+17 1.16858e+45
2.92372e+17 1.16858e+45
2.92403e+17 1.16858e+45
2.92435e+17 1.16858e+45
2.92467e+17 1.16858e+45
2.92498e+17 1.16858e+45
2.9253e+17 1.16858e+45
2.92561e+17 1.16858e+45
2.92593e+17 1.16858e+45
2.92624e+17 1.16858e+45
2.92656e+17 1.16858e+45
2.92687e+17 1.16858e+45
2.92719e+17 1.16858e+45
2.92751e+17 1.16858e+45
2.92782e+17 1.16858e+45
2.92814e+17 1.16858e+45
2.92845e+17 1.16858e+45
2.92877e+17 1.16858e+45
2.92908e+17 1.16858e+45
2.9294e+17 1.16858e+45
2.92971e+17 1.16858e+45
2.93003e+17 1.16858e+45
2.93035e+17 1.16858e+45
2.93066e+17 1.16858e+45
2.93098e+17 1.16858e+45
2.93129e+17 1.16858e+45
2.93161e+17 1.16858e+45
2.93192e+17 1.16858e+45
2.93224e+17 1.16858e+45
2.93256e+17 1.16858e+45
2.93287e+17 1.16858e+45
2.93319e+17 1.16858e+45
2.9335e+17 1.16858e+45
2.93382e+17 1.16858e+45
2.93413e+17 1.16858e+45
2.93445e+17 1.16858e+45
2.93476e+17 1.16858e+45
2.93508e+17 1.16858e+45
2.9354e+17 1.16858e+45
2.93571e+17 1.16858e+45
2.93603e+17 1.16858e+45
2.93634e+17 1.16858e+45
2.93666e+17 1.16858e+45
2.93697e+17 1.16858e+45
2.93729e+17 1.16858e+45
2.9376e+17 1.16858e+45
2.93792e+17 1.16858e+45
2.93824e+17 1.16858e+45
2.93855e+17 1.16858e+45
2.93887e+17 1.16858e+45
2.93918e+17 1.16858e+45
2.9395e+17 1.16858e+45
2.93981e+17 1.16858e+45
2.94013e+17 1.16858e+45
2.94045e+17 1.16858e+45
2.94076e+17 1.16858e+45
2.94108e+17 1.16858e+45
2.94139e+17 1.16858e+45
2.94171e+17 1.16858e+45
2.94202e+17 1.16858e+45
2.94234e+17 1.16858e+45
2.94265e+17 1.16858e+45
2.94297e+17 1.16858e+45
2.94329e+17 1.16858e+45
2.9436e+17 1.16858e+45
2.94392e+17 1.16858e+45
2.94423e+17 1.16858e+45
2.94455e+17 1.16858e+45
2.94486e+17 1.16858e+45
2.94518e+17 1.16858e+45
2.94549e+17 1.16858e+45
2.94581e+17 1.16858e+45
2.94613e+17 1.16858e+45
2.94644e+17 1.16858e+45
2.94676e+17 1.16858e+45
2.94707e+17 1.16858e+45
2.94739e+17 1.16858e+45
2.9477e+17 1.16858e+45
2.94802e+17 1.16858e+45
2.94834e+17 1.16858e+45
2.94865e+17 1.16858e+45
2.94897e+17 1.16858e+45
2.94928e+17 1.16858e+45
2.9496e+17 1.16858e+45
2.94991e+17 1.16858e+45
2.95023e+17 1.16858e+45
2.95054e+17 1.16858e+45
2.95086e+17 1.16858e+45
2.95118e+17 1.16858e+45
2.95149e+17 1.16858e+45
2.95181e+17 1.16858e+45
2.95212e+17 1.16858e+45
2.95244e+17 1.16858e+45
2.95275e+17 1.16858e+45
2.95307e+17 1.16858e+45
2.95338e+17 1.16858e+45
2.9537e+17 1.16858e+45
2.95402e+17 1.16858e+45
2.95433e+17 1.16858e+45
2.95465e+17 1.16858e+45
2.95496e+17 1.16858e+45
2.95528e+17 1.16858e+45
2.95559e+17 1.16858e+45
2.95591e+17 1.16858e+45
2.95623e+17 1.16858e+45
2.95654e+17 1.16858e+45
2.95686e+17 1.16858e+45
2.95717e+17 1.16858e+45
2.95749e+17 1.16858e+45
2.9578e+17 1.16858e+45
2.95812e+17 1.16858e+45
2.95843e+17 1.16858e+45
2.95875e+17 1.16858e+45
2.95907e+17 1.16858e+45
2.95938e+17 1.16858e+45
2.9597e+17 1.16858e+45
2.96001e+17 1.16858e+45
2.96033e+17 1.16858e+45
2.96064e+17 1.16858e+45
2.96096e+17 1.16858e+45
2.96127e+17 1.16858e+45
2.96159e+17 1.16858e+45
2.96191e+17 1.16858e+45
2.96222e+17 1.16858e+45
2.96254e+17 1.16858e+45
2.96285e+17 1.16858e+45
2.96317e+17 1.16858e+45
2.96348e+17 1.16858e+45
2.9638e+17 1.16858e+45
2.96412e+17 1.16858e+45
2.96443e+17 1.16858e+45
2.96475e+17 1.16858e+45
2.96506e+17 1.16858e+45
2.96538e+17 1.16858e+45
2.96569e+17 1.16858e+45
2.96601e+17 1.16858e+45
2.96632e+17 1.16858e+45
2.96664e+17 1.16858e+45
2.96696e+17 1.16858e+45
2.96727e+17 1.16858e+45
2.96759e+17 1.16858e+45
2.9679e+17 1.16858e+45
2.96822e+17 1.16858e+45
2.96853e+17 1.16858e+45
2.96885e+17 1.16858e+45
2.96916e+17 1.16858e+45
2.96948e+17 1.16858e+45
2.9698e+17 1.16858e+45
2.97011e+17 1.16858e+45
2.97043e+17 1.16858e+45
2.97074e+17 1.16858e+45
2.97106e+17 1.16858e+45
2.97137e+17 1.16858e+45
2.97169e+17 1.16858e+45
2.97201e+17 1.16858e+45
2.97232e+17 1.16858e+45
2.97264e+17 1.16858e+45
2.97295e+17 1.16858e+45
2.97327e+17 1.16858e+45
2.97358e+17 1.16858e+45
2.9739e+17 1.16858e+45
2.97421e+17 1.16858e+45
2.97453e+17 1.16858e+45
2.97485e+17 1.16858e+45
2.97516e+17 1.16858e+45
2.97548e+17 1.16858e+45
2.97579e+17 1.16858e+45
2.97611e+17 1.16858e+45
2.97642e+17 1.16858e+45
2.97674e+17 1.16858e+45
2.97705e+17 1.16858e+45
2.97737e+17 1.16858e+45
2.97769e+17 1.16858e+45
2.978e+17 1.16858e+45
2.97832e+17 1.16858e+45
2.97863e+17 1.16858e+45
2.97895e+17 1.16858e+45
2.97926e+17 1.16858e+45
2.97958e+17 1.16858e+45
2.9799e+17 1.16858e+45
2.98021e+17 1.16858e+45
2.98053e+17 1.16858e+45
2.98084e+17 1.16858e+45
2.98116e+17 1.16858e+45
2.98147e+17 1.16858e+45
2.98179e+17 1.16858e+45
2.9821e+17 1.16858e+45
2.98242e+17 1.16858e+45
2.98274e+17 1.16858e+45
2.98305e+17 1.16858e+45
2.98337e+17 1.16858e+45
2.98368e+17 1.16858e+45
2.984e+17 1.16858e+45
2.98431e+17 1.16858e+45
2.98463e+17 1.16858e+45
2.98494e+17 1.16858e+45
2.98526e+17 1.16858e+45
2.98558e+17 1.16858e+45
2.98589e+17 1.16858e+45
2.98621e+17 1.16858e+45
2.98652e+17 1.16858e+45
2.98684e+17 1.16858e+45
2.98715e+17 1.16858e+45
2.98747e+17 1.16858e+45
2.98779e+17 1.16858e+45
2.9881e+17 1.16858e+45
2.98842e+17 1.16858e+45
2.98873e+17 1.16858e+45
2.98905e+17 1.16858e+45
2.98936e+17 1.16858e+45
2.98968e+17 1.16858e+45
2.98999e+17 1.16858e+45
2.99031e+17 1.16858e+45
2.99063e+17 1.16858e+45
2.99094e+17 1.16858e+45
2.99126e+17 1.16858e+45
2.99157e+17 1.16858e+45
2.99189e+17 1.16858e+45
2.9922e+17 1.16858e+45
2.99252e+17 1.16858e+45
2.99283e+17 1.16858e+45
2.99315e+17 1.16858e+45
2.99347e+17 1.16858e+45
2.99378e+17 1.16858e+45
2.9941e+17 1.16858e+45
2.99441e+17 1.16858e+45
2.99473e+17 1.16858e+45
2.99504e+17 1.16858e+45
2.99536e+17 1.16858e+45
2.99568e+17 1.16858e+45
2.99599e+17 1.16858e+45
2.99631e+17 1.16858e+45
2.99662e+17 1.16858e+45
2.99694e+17 1.16858e+45
2.99725e+17 1.16858e+45
2.99757e+17 1.16858e+45
2.99788e+17 1.16858e+45
2.9982e+17 1.16858e+45
2.99852e+17 1.16858e+45
2.99883e+17 1.16858e+45
2.99915e+17 1.16858e+45
2.99946e+17 1.16858e+45
2.99978e+17 1.16858e+45
3.00009e+17 1.16858e+45
3.00041e+17 1.16858e+45
3.00072e+17 1.16858e+45
3.00104e+17 1.16858e+45
3.00136e+17 1.16858e+45
3.00167e+17 1.16858e+45
3.00199e+17 1.16858e+45
3.0023e+17 1.16858e+45
3.00262e+17 1.16858e+45
3.00293e+17 1.16858e+45
3.00325e+17 1.16858e+45
3.00357e+17 1.16858e+45
3.00388e+17 1.16858e+45
3.0042e+17 1.16858e+45
3.00451e+17 1.16858e+45
3.00483e+17 1.16858e+45
3.00514e+17 1.16858e+45
3.00546e+17 1.16858e+45
3.00577e+17 1.16858e+45
3.00609e+17 1.16858e+45
3.00641e+17 1.16858e+45
3.00672e+17 1.16858e+45
3.00704e+17 1.16858e+45
3.00735e+17 1.16858e+45
3.00767e+17 1.16858e+45
3.00798e+17 1.16858e+45
3.0083e+17 1.16858e+45
3.00861e+17 1.16858e+45
3.00893e+17 1.16858e+45
3.00925e+17 1.16858e+45
3.00956e+17 1.16858e+45
3.00988e+17 1.16858e+45
3.01019e+17 1.16858e+45
3.01051e+17 1.16858e+45
3.01082e+17 1.16858e+45
3.01114e+17 1.16858e+45
3.01146e+17 1.16858e+45
3.01177e+17 1.16858e+45
3.01209e+17 1.16858e+45
3.0124e+17 1.16858e+45
3.01272e+17 1.16858e+45
3.01303e+17 1.16858e+45
3.01335e+17 1.16858e+45
3.01366e+17 1.16858e+45
3.01398e+17 1.16858e+45
3.0143e+17 1.16858e+45
3.01461e+17 1.16858e+45
3.01493e+17 1.16858e+45
3.01524e+17 1.16858e+45
3.01556e+17 1.16858e+45
3.01587e+17 1.16858e+45
3.01619e+17 1.16858e+45
3.0165e+17 1.16858e+45
3.01682e+17 1.16858e+45
3.01714e+17 1.16858e+45
3.01745e+17 1.16858e+45
3.01777e+17 1.16858e+45
3.01808e+17 1.16858e+45
3.0184e+17 1.16858e+45
3.01871e+17 1.16858e+45
3.01903e+17 1.16858e+45
3.01935e+17 1.16858e+45
3.01966e+17 1.16858e+45
3.01998e+17 1.16858e+45
3.02029e+17 1.16858e+45
3.02061e+17 1.16858e+45
3.02092e+17 1.16858e+45
3.02124e+17 1.16858e+45
3.02155e+17 1.16858e+45
3.02187e+17 1.16858e+45
3.02219e+17 1.16858e+45
3.0225e+17 1.16858e+45
3.02282e+17 1.16858e+45
3.02313e+17 1.16858e+45
3.02345e+17 1.16858e+45
3.02376e+17 1.16858e+45
3.02408e+17 1.16858e+45
3.02439e+17 1.16858e+45
3.02471e+17 1.16858e+45
3.02503e+17 1.16858e+45
3.02534e+17 1.16858e+45
3.02566e+17 1.16858e+45
3.02597e+17 1.16858e+45
3.02629e+17 1.16858e+45
3.0266e+17 1.16858e+45
3.02692e+17 1.16858e+45
3.02724e+17 1.16858e+45
3.02755e+17 1.16858e+45
3.02787e+17 1.16858e+45
3.02818e+17 1.16858e+45
3.0285e+17 1.16858e+45
3.02881e+17 1.16858e+45
3.02913e+17 1.16858e+45
3.02944e+17 1.16858e+45
3.02976e+17 1.16858e+45
3.03008e+17 1.16858e+45
3.03039e+17 1.16858e+45
3.03071e+17 1.16858e+45
3.03102e+17 1.16858e+45
3.03134e+17 1.16858e+45
3.03165e+17 1.16858e+45
3.03197e+17 1.16858e+45
3.03228e+17 1.16858e+45
3.0326e+17 1.16858e+45
3.03292e+17 1.16858e+45
3.03323e+17 1.16858e+45
3.03355e+17 1.16858e+45
3.03386e+17 1.16858e+45
3.03418e+17 1.16858e+45
3.03449e+17 1.16858e+45
3.03481e+17 1.16858e+45
3.03513e+17 1.16858e+45
3.03544e+17 1.16858e+45
3.03576e+17 1.16858e+45
3.03607e+17 1.16858e+45
3.03639e+17 1.16858e+45
3.0367e+17 1.16858e+45
3.03702e+17 1.16858e+45
3.03733e+17 1.16858e+45
3.03765e+17 1.16858e+45
3.03797e+17 1.16858e+45
3.03828e+17 1.16858e+45
3.0386e+17 1.16858e+45
3.03891e+17 1.16858e+45
3.03923e+17 1.16858e+45
3.03954e+17 1.16858e+45
3.03986e+17 1.16858e+45
3.04017e+17 1.16858e+45
3.04049e+17 1.16858e+45
3.04081e+17 1.16858e+45
3.04112e+17 1.16858e+45
3.04144e+17 1.16858e+45
3.04175e+17 1.16858e+45
3.04207e+17 1.16858e+45
3.04238e+17 1.16858e+45
3.0427e+17 1.16858e+45
3.04302e+17 1.16858e+45
3.04333e+17 1.16858e+45
3.04365e+17 1.16858e+45
3.04396e+17 1.16858e+45
3.04428e+17 1.16858e+45
3.04459e+17 1.16858e+45
3.04491e+17 1.16858e+45
3.04522e+17 1.16858e+45
3.04554e+17 1.16858e+45
3.04586e+17 1.16858e+45
3.04617e+17 1.16858e+45
3.04649e+17 1.16858e+45
3.0468e+17 1.16858e+45
3.04712e+17 1.16858e+45
3.04743e+17 1.16858e+45
3.04775e+17 1.16858e+45
3.04806e+17 1.16858e+45
3.04838e+17 1.16858e+45
3.0487e+17 1.16858e+45
3.04901e+17 1.16858e+45
3.04933e+17 1.16858e+45
3.04964e+17 1.16858e+45
3.04996e+17 1.16858e+45
3.05027e+17 1.16858e+45
3.05059e+17 1.16858e+45
3.05091e+17 1.16858e+45
3.05122e+17 1.16858e+45
3.05154e+17 1.16858e+45
3.05185e+17 1.16858e+45
3.05217e+17 1.16858e+45
3.05248e+17 1.16858e+45
3.0528e+17 1.16858e+45
3.05311e+17 1.16858e+45
3.05343e+17 1.16858e+45
3.05375e+17 1.16858e+45
3.05406e+17 1.16858e+45
3.05438e+17 1.16858e+45
3.05469e+17 1.16858e+45
3.05501e+17 1.16858e+45
3.05532e+17 1.16858e+45
3.05564e+17 1.16858e+45
3.05595e+17 1.16858e+45
3.05627e+17 1.16858e+45
3.05659e+17 1.16858e+45
3.0569e+17 1.16858e+45
3.05722e+17 1.16858e+45
3.05753e+17 1.16858e+45
3.05785e+17 1.16858e+45
3.05816e+17 1.16858e+45
3.05848e+17 1.16858e+45
3.0588e+17 1.16858e+45
3.05911e+17 1.16858e+45
3.05943e+17 1.16858e+45
3.05974e+17 1.16858e+45
3.06006e+17 1.16858e+45
3.06037e+17 1.16858e+45
3.06069e+17 1.16858e+45
3.061e+17 1.16858e+45
3.06132e+17 1.16858e+45
3.06164e+17 1.16858e+45
3.06195e+17 1.16858e+45
3.06227e+17 1.16858e+45
3.06258e+17 1.16858e+45
3.0629e+17 1.16858e+45
3.06321e+17 1.16858e+45
3.06353e+17 1.16858e+45
3.06384e+17 1.16858e+45
3.06416e+17 1.16858e+45
3.06448e+17 1.16858e+45
3.06479e+17 1.16858e+45
3.06511e+17 1.16858e+45
3.06542e+17 1.16858e+45
3.06574e+17 1.16858e+45
3.06605e+17 1.16858e+45
3.06637e+17 1.16858e+45
3.06669e+17 1.16858e+45
3.067e+17 1.16858e+45
3.06732e+17 1.16858e+45
3.06763e+17 1.16858e+45
3.06795e+17 1.16858e+45
3.06826e+17 1.16858e+45
3.06858e+17 1.16858e+45
3.06889e+17 1.16858e+45
3.06921e+17 1.16858e+45
3.06953e+17 1.16858e+45
3.06984e+17 1.16858e+45
3.07016e+17 1.16858e+45
3.07047e+17 1.16858e+45
3.07079e+17 1.16858e+45
3.0711e+17 1.16858e+45
3.07142e+17 1.16858e+45
3.07173e+17 1.16858e+45
3.07205e+17 1.16858e+45
3.07237e+17 1.16858e+45
3.07268e+17 1.16858e+45
3.073e+17 1.16858e+45
3.07331e+17 1.16858e+45
3.07363e+17 1.16858e+45
3.07394e+17 1.16858e+45
3.07426e+17 1.16858e+45
3.07458e+17 1.16858e+45
3.07489e+17 1.16858e+45
3.07521e+17 1.16858e+45
3.07552e+17 1.16858e+45
3.07584e+17 1.16858e+45
3.07615e+17 1.16858e+45
3.07647e+17 1.16858e+45
3.07678e+17 1.16858e+45
3.0771e+17 1.16858e+45
3.07742e+17 1.16858e+45
3.07773e+17 1.16858e+45
3.07805e+17 1.16858e+45
3.07836e+17 1.16858e+45
3.07868e+17 1.16858e+45
3.07899e+17 1.16858e+45
3.07931e+17 1.16858e+45
3.07962e+17 1.16858e+45
3.07994e+17 1.16858e+45
3.08026e+17 1.16858e+45
3.08057e+17 1.16858e+45
3.08089e+17 1.16858e+45
3.0812e+17 1.16858e+45
3.08152e+17 1.16858e+45
3.08183e+17 1.16858e+45
3.08215e+17 1.16858e+45
3.08247e+17 1.16858e+45
3.08278e+17 1.16858e+45
3.0831e+17 1.16858e+45
3.08341e+17 1.16858e+45
3.08373e+17 1.16858e+45
3.08404e+17 1.16858e+45
3.08436e+17 1.16858e+45
3.08467e+17 1.16858e+45
3.08499e+17 1.16858e+45
3.08531e+17 1.16858e+45
3.08562e+17 1.16858e+45
3.08594e+17 1.16858e+45
3.08625e+17 1.16858e+45
3.08657e+17 1.16858e+45
3.08688e+17 1.16858e+45
3.0872e+17 1.16858e+45
3.08751e+17 1.16858e+45
3.08783e+17 1.16858e+45
3.08815e+17 1.16858e+45
3.08846e+17 1.16858e+45
3.08878e+17 1.16858e+45
3.08909e+17 1.16858e+45
3.08941e+17 1.16858e+45
3.08972e+17 1.16858e+45
3.09004e+17 1.16858e+45
3.09036e+17 1.16858e+45
3.09067e+17 1.16858e+45
3.09099e+17 1.16858e+45
3.0913e+17 1.16858e+45
3.09162e+17 1.16858e+45
3.09193e+17 1.16858e+45
3.09225e+17 1.16858e+45
3.09256e+17 1.16858e+45
3.09288e+17 1.16858e+45
3.0932e+17 1.16858e+45
3.09351e+17 1.16858e+45
3.09383e+17 1.16858e+45
3.09414e+17 1.16858e+45
3.09446e+17 1.16858e+45
3.09477e+17 1.16858e+45
3.09509e+17 1.16858e+45
3.0954e+17 1.16858e+45
3.09572e+17 1.16858e+45
3.09604e+17 1.16858e+45
3.09635e+17 1.16858e+45
3.09667e+17 1.16858e+45
3.09698e+17 1.16858e+45
3.0973e+17 1.16858e+45
3.09761e+17 1.16858e+45
3.09793e+17 1.16858e+45
3.09825e+17 1.16858e+45
3.09856e+17 1.16858e+45
3.09888e+17 1.16858e+45
3.09919e+17 1.16858e+45
3.09951e+17 1.16858e+45
3.09982e+17 1.16858e+45
3.10014e+17 1.16858e+45
3.10045e+17 1.16858e+45
3.10077e+17 1.16858e+45
3.10109e+17 1.16858e+45
3.1014e+17 1.16858e+45
3.10172e+17 1.16858e+45
3.10203e+17 1.16858e+45
3.10235e+17 1.16858e+45
3.10266e+17 1.16858e+45
3.10298e+17 1.16858e+45
3.10329e+17 1.16858e+45
3.10361e+17 1.16858e+45
3.10393e+17 1.16858e+45
3.10424e+17 1.16858e+45
3.10456e+17 1.16858e+45
3.10487e+17 1.16858e+45
3.10519e+17 1.16858e+45
3.1055e+17 1.16858e+45
3.10582e+17 1.16858e+45
3.10614e+17 1.16858e+45
3.10645e+17 1.16858e+45
3.10677e+17 1.16858e+45
3.10708e+17 1.16858e+45
3.1074e+17 1.16858e+45
3.10771e+17 1.16858e+45
3.10803e+17 1.16858e+45
3.10834e+17 1.16858e+45
3.10866e+17 1.16858e+45
3.10898e+17 1.16858e+45
3.10929e+17 1.16858e+45
3.10961e+17 1.16858e+45
3.10992e+17 1.16858e+45
3.11024e+17 1.16858e+45
3.11055e+17 1.16858e+45
3.11087e+17 1.16858e+45
3.11118e+17 1.16858e+45
3.1115e+17 1.16858e+45
3.11182e+17 1.16858e+45
3.11213e+17 1.16858e+45
3.11245e+17 1.16858e+45
3.11276e+17 1.16858e+45
3.11308e+17 1.16858e+45
3.11339e+17 1.16858e+45
3.11371e+17 1.16858e+45
3.11403e+17 1.16858e+45
3.11434e+17 1.16858e+45
3.11466e+17 1.16858e+45
3.11497e+17 1.16858e+45
3.11529e+17 1.16858e+45
3.1156e+17 1.16858e+45
3.11592e+17 1.16858e+45
3.11623e+17 1.16858e+45
3.11655e+17 1.16858e+45
3.11687e+17 1.16858e+45
3.11718e+17 1.16858e+45
3.1175e+17 1.16858e+45
3.11781e+17 1.16858e+45
3.11813e+17 1.16858e+45
3.11844e+17 1.16858e+45
3.11876e+17 1.16858e+45
3.11907e+17 1.16858e+45
3.11939e+17 1.16858e+45
3.11971e+17 1.16858e+45
3.12002e+17 1.16858e+45
3.12034e+17 1.16858e+45
3.12065e+17 1.16858e+45
3.12097e+17 1.16858e+45
3.12128e+17 1.16858e+45
3.1216e+17 1.16858e+45
3.12192e+17 1.16858e+45
3.12223e+17 1.16858e+45
3.12255e+17 1.16858e+45
3.12286e+17 1.16858e+45
3.12318e+17 1.16858e+45
3.12349e+17 1.16858e+45
3.12381e+17 1.16858e+45
3.12412e+17 1.16858e+45
3.12444e+17 1.16858e+45
3.12476e+17 1.16858e+45
3.12507e+17 1.16858e+45
3.12539e+17 1.16858e+45
3.1257e+17 1.16858e+45
3.12602e+17 1.16858e+45
3.12633e+17 1.16858e+45
3.12665e+17 1.16858e+45
3.12696e+17 1.16858e+45
3.12728e+17 1.16858e+45
3.1276e+17 1.16858e+45
3.12791e+17 1.16858e+45
3.12823e+17 1.16858e+45
3.12854e+17 1.16858e+45
3.12886e+17 1.16858e+45
3.12917e+17 1.16858e+45
3.12949e+17 1.16858e+45
3.12981e+17 1.16858e+45
3.13012e+17 1.16858e+45
3.13044e+17 1.16858e+45
3.13075e+17 1.16858e+45
3.13107e+17 1.16858e+45
3.13138e+17 1.16858e+45
3.1317e+17 1.16858e+45
3.13201e+17 1.16858e+45
3.13233e+17 1.16858e+45
3.13265e+17 1.16858e+45
3.13296e+17 1.16858e+45
3.13328e+17 1.16858e+45
3.13359e+17 1.16858e+45
3.13391e+17 1.16858e+45
3.13422e+17 1.16858e+45
3.13454e+17 1.16858e+45
3.13485e+17 1.16858e+45
3.13517e+17 1.16858e+45
3.13549e+17 1.16858e+45
3.1358e+17 1.16858e+45
3.13612e+17 1.16858e+45
3.13643e+17 1.16858e+45
3.13675e+17 1.16858e+45
3.13706e+17 1.16858e+45
3.13738e+17 1.16858e+45
3.1377e+17 1.16858e+45
3.13801e+17 1.16858e+45
3.13833e+17 1.16858e+45
3.13864e+17 1.16858e+45
3.13896e+17 1.16858e+45
3.13927e+17 1.16858e+45
3.13959e+17 1.16858e+45
3.1399e+17 1.16858e+45
3.14022e+17 1.16858e+45
3.14054e+17 1.16858e+45
3.14085e+17 1.16858e+45
3.14117e+17 1.16858e+45
3.14148e+17 1.16858e+45
3.1418e+17 1.16858e+45
3.14211e+17 1.16858e+45
3.14243e+17 1.16858e+45
3.14274e+17 1.16858e+45
3.14306e+17 1.16858e+45
3.14338e+17 1.16858e+45
3.14369e+17 1.16858e+45
3.14401e+17 1.16858e+45
3.14432e+17 1.16858e+45
3.14464e+17 1.16858e+45
3.14495e+17 1.16858e+45
3.14527e+17 1.16858e+45
3.14559e+17 1.16858e+45
3.1459e+17 1.16858e+45
3.14622e+17 1.16858e+45
3.14653e+17 1.16858e+45
3.14685e+17 1.16858e+45
3.14716e+17 1.16858e+45
3.14748e+17 1.16858e+45
3.14779e+17 1.16858e+45
3.14811e+17 1.16858e+45
3.14843e+17 1.16858e+45
3.14874e+17 1.16858e+45
3.14906e+17 1.16858e+45
3.14937e+17 1.16858e+45
3.14969e+17 1.16858e+45
3.15e+17 1.16858e+45
3.15032e+17 1.16858e+45
3.15063e+17 1.16858e+45
3.15095e+17 1.16858e+45
3.15127e+17 1.16858e+45
3.15158e+17 1.16858e+45
3.1519e+17 1.16858e+45
3.15221e+17 1.16858e+45
3.15253e+17 1.16858e+45
3.15284e+17 1.16858e+45
3.15316e+17 1.16858e+45
3.15348e+17 1.16858e+45
3.15379e+17 1.16858e+45
3.15411e+17 1.16858e+45
3.15442e+17 1.16858e+45
3.15474e+17 1.16858e+45
3.15505e+17 1.16858e+45
3.15537e+17 1.16858e+45
3.15568e+17 1.16858e+45
